code,市場,銘柄名,現在値
1301,東証1部,極洋,2984
1332,東証1部,日本水産,516
1333,東証1部,マルハニチロ,2459
1352,東証1部,ホウスイ,976
1375,東証1部,雪国まいたけ,1852
1376,東証1部,カネコ種苗,1550
1377,東証1部,サカタのタネ,3800
1379,東証1部,ホクト,1965
1380,東証JQS,秋川牧園,1144
1381,東証JQS,アクシーズ,3390
1382,東証JQS,ホーブ,936
1383,東証JQS,ベルグアース,2425
1384,東証1部,ホクリヨウ,707
1400,東証JQG,ルーデン・ホールディングス,323
1401,マザーズ,エムビーエス,548
1407,東証JQS,ウエストホールディングス,3395
1413,東証1部,ヒノキヤグループ,2475
1414,東証1部,ショーボンドホールディングス,4670
1417,東証1部,ミライト・ホールディングス,1896
1418,東証JQS,インターライフホールディングス,222
1419,東証1部,タマホーム,2357
1420,東証1部,サンヨーホームズ,707
1429,東証1部,日本アクア,543
1430,東証1部,ファーストコーポレーション,808
1431,マザーズ,Ｌｉｂ　Ｗｏｒｋ,896
1433,東証1部,ベステラ,1566
1434,東証2部,ＪＥＳＣＯホールディングス,554
1435,東証1部,Ｒｏｂｏｔ　Ｈｏｍｅ,249
1436,マザーズ,フィット,955
1438,名証2部,岐阜造園,2035
1439,東証JQS,安江工務店,1024
1443,東証2部,技研ホールディングス,293
1444,名古屋セ,ニッソウ,2350
1446,東証1部,キャンディル,527
1447,マザーズ,ＩＴｂｏｏｋホールディングス,459
1448,東証1部,スペースバリューホールディングス,689
1449,札幌ア,ＦＵＪＩジャパン,556
1450,東証JQS,田中建設工業,2386
1451,東証2部,ＫＨＣ,628
1491,東証2部,中外鉱業,31
1514,東証1部,住石ホールディングス,131
1515,東証1部,日鉄鉱業,6280
1518,東証1部,三井松島ホールディングス,940
1605,東証1部,ＩＮＰＥＸ,748
1662,東証1部,石油資源開発,2036
1663,東証1部,Ｋ＆Ｏエナジーグループ,1363
1711,東証2部,省電舎ホールディングス,462
1712,東証1部,ダイセキ環境ソリューション,943
1716,東証1部,第一カッター興業,1372
1717,東証1部,明豊ファシリティワークス,830
1718,東証JQS,美樹工業,4150
1719,東証1部,安藤ハザマ,862
1720,東証1部,東急建設,699
1721,東証1部,コムシスホールディングス,3190
1723,東証JQS,日本電技,3805
1724,東証JQS,シンクレイヤ,1268
1726,東証1部,ビーアールホールディングス,534
1728,東証JQS,ミサワホーム中国,319
1730,東証JQS,麻生フオームクリート,600
1734,札証,北弘電社,3750
1736,東証JQS,オーテック,2413
1737,東証2部,三井金属エンジニアリング,966
1738,名証2部,ＮＩＴＴＯＨ,459
1739,東証JQG,シード平和,740
1743,東証2部,コーアツ工業,4390
1757,東証2部,中小企業ホールディングス,71
1758,東証JQS,太洋基礎工業,5050
1762,東証1部,高松コンストラクショングループ,2129
1764,東証2部,工藤建設,2686
1766,東証1部,東建コーポレーション,9700
1768,東証1部,ソネック,927
1770,東証JQS,藤田エンジニアリング,1035
1771,福証,日本乾溜工業,686
1773,東証外国,ＹＴＬ,18
1775,東証2部,富士古河Ｅ＆Ｃ,2785
1776,東証2部,三井住建道路,1014
1777,名証2部,川崎設備工業,428
1780,東証1部,ヤマウラ,899
1782,東証JQS,常磐開発,8970
1783,東証JQS,アジアゲートホールディングス,48
1786,東証1部,オリエンタル白石,279
1787,東証JQS,ナカボーテック,5370
1788,東証JQS,三東工業社,2600
1789,東証JQS,ＥＴＳホールディングス,1057
1793,東証JQS,大本組,5260
1795,東証JQS,マサル,3535
1798,東証JQS,守谷商会,2020
1799,東証JQS,第一建設工業,1871
1801,東証1部,大成建設,3980
1802,東証1部,大林組,947
1803,東証1部,清水建設,913
1805,東証1部,飛島建設,1084
1807,東証JQS,佐藤渡辺,3070
1808,東証1部,長谷工コーポレーション,1554
1810,東証1部,松井建設,778
1811,東証1部,錢高組,4360
1812,東証1部,鹿島,1547
1813,東証1部,不動テトラ,1830
1814,東証1部,大末建設,1005
1815,東証1部,鉄建建設,1888
1820,東証1部,西松建設,3380
1821,東証1部,三井住友建設,480
1822,東証1部,大豊建設,4185
1824,東証1部,前田建設工業,1011
1826,東証1部,佐田建設,441
1827,東証1部,ナカノフドー建設,390
1828,東証2部,田辺工業,874
1832,札証,北海電気工事,680
1833,東証1部,奥村組,3065
1835,東証1部,東鉄工業,2585
1840,東証2部,土屋ホールディングス,172
1841,東証JQS,サンユー建設,899
1844,東証2部,大盛工業,206
1847,東証1部,イチケン,1886
1848,東証1部,富士ピー・エス,571
1850,東証2部,南海辰村建設,297
1852,東証1部,淺沼組,4570
1853,東証2部,森組,302
1860,東証1部,戸田建設,817
1861,東証1部,熊谷組,3020
1866,東証1部,北野建設,2408
1867,東証1部,植木組,1504
1869,名証2部,名工建設,1066
1870,東証1部,矢作建設工業,704
1871,東証1部,ピーエス三菱,633
1873,東証1部,日本ハウスホールディングス,337
1878,東証1部,大東建託,11810
1879,東証1部,新日本建設,901
1881,東証1部,ＮＩＰＰＯ,2895
1882,東証1部,東亜道路工業,4545
1883,東証1部,前田道路,2260
1884,東証1部,日本道路,7590
1885,東証1部,東亜建設工業,2464
1887,東証1部,日本国土開発,602
1888,東証1部,若築建設,1380
1890,東証1部,東洋建設,586
1892,名証2部,徳倉建設,3390
1893,東証1部,五洋建設,822
1897,東証2部,金下建設,3795
1898,東証1部,世紀東急工業,867
1899,東証1部,福田組,5060
1904,東証JQS,大成温調,1963
1905,東証JQS,テノックス,887
1909,東証1部,日本ドライケミカル,1726
1911,東証1部,住友林業,2285
1914,東証1部,日本基礎技術,515
1921,東証1部,巴コーポレーション,408
1925,東証1部,大和ハウス工業,3169
1926,東証1部,ライト工業,1820
1928,東証1部,積水ハウス,2284.5
1929,東証1部,日特建設,778
1930,東証1部,北陸電気工事,1273
1934,東証1部,ユアテック,755
1938,東証1部,日本リーテック,1686
1939,東証1部,四電工,3260
1941,東証1部,中電工,2331
1942,東証1部,関電工,925
1944,東証1部,きんでん,1866
1945,東証1部,東京エネシス,980
1946,東証1部,トーエネック,3835
1948,東証2部,弘電社,4925
1949,東証1部,住友電設,2361
1950,東証1部,日本電設工業,1808
1951,東証1部,協和エクシオ,2782
1952,東証1部,新日本空調,2159
1954,東証1部,日本工営,3170
1959,東証1部,九電工,3545
1960,東証2部,サンテック,681
1961,東証1部,三機工業,1399
1963,東証1部,日揮ホールディングス,1053
1964,東証1部,中外炉工業,2100
1965,東証2部,テクノ菱和,882
1966,東証2部,高田工業所,698
1967,東証1部,ヤマト,697
1968,東証1部,太平電業,2713
1969,東証1部,高砂熱学工業,1875
1971,東証2部,中央ビルト工業,616
1972,東証1部,三晃金属工業,2485
1973,東証1部,ＮＥＣネッツエスアイ,1827
1975,東証1部,朝日工業社,2986
1976,東証1部,明星工業,753
1979,東証1部,大気社,3135
1980,東証1部,ダイダン,2740
1981,東証JQS,協和日成,1000
1982,東証1部,日比谷総合設備,1873
1992,東証JQS,神田通信機,959
1994,東証JQS,高橋カーテンウォール工業,692
1997,東証JQS,暁飯島工業,1524
1999,福証,サイタホールディングス,2430
2001,東証1部,ニップン,1561
2002,東証1部,日清製粉グループ本社,1664
2003,東証1部,日東富士製粉,7120
2004,東証1部,昭和産業,2949
2009,東証1部,鳥越製粉,807
2053,東証1部,中部飼料,1244
2055,東証2部,日和産業,316
2058,福証,ヒガシマル,918
2060,東証1部,フィード・ワン,785
2107,東証1部,東洋精糖,1193
2108,東証1部,日本甜菜製糖,1648
2109,東証1部,ＤＭ三井製糖ホールディングス,1838
2112,東証1部,塩水港精糖,228
2114,東証2部,フジ日本精糖,551
2117,東証1部,日新製糖,1733
2120,東証1部,ＬＩＦＵＬＬ,377
2121,東証1部,ミクシィ,2641
2122,マザーズ,インタースペース,1009
2124,東証1部,ＪＡＣ　Ｒｅｃｒｕｉｔｍｅｎｔ,1813
2127,東証1部,日本Ｍ＆Ａセンター,2719
2130,東証1部,メンバーズ,2866
2134,東証JQS,燦キャピタルマネージメント,41
2136,東証JQS,ヒップ,790
2137,札幌ア,光ハイツ・ヴェラス,756
2138,東証JQS,クルーズ,2262
2139,東証1部,中広,355
2146,東証1部,ＵＴグループ,3240
2148,東証1部,アイティメディア,1804
2150,マザーズ,ケアネット,6850
2151,東証1部,タケエイ,1295
2152,東証JQS,幼児活動研究会,1344
2153,東証1部,Ｅ・Ｊホールディングス,1125
2154,東証1部,夢真ビーネックスグループ,1290
2156,東証JQS,セーラー広告,290
2157,東証1部,コシダカホールディングス,599
2158,マザーズ,ＦＲＯＮＴＥＯ,797
2159,東証2部,フルスピード,427
2160,マザーズ,ジーエヌアイグループ,2006
2162,東証JQS,ｎｍｓホールディングス,375
2163,東証1部,アルトナー,809
2164,東証JQG,地域新聞社,739
2168,東証1部,パソナグループ,1914
2169,東証1部,ＣＤＳ,1534
2170,東証1部,リンクアンドモチベーション,555
2172,札幌ア,インサイト,373
2173,東証JQG,博展,401
2174,東証1部,ＧＣＡ,932
2175,東証1部,エス・エム・エス,3075
2176,東証JQS,イナリサーチ,725
2178,マザーズ,トライステージ,388
2179,東証JQS,成学社,801
2180,東証1部,サニーサイドアップグループ,762
2181,東証1部,パーソルホールディングス,2065
2183,東証1部,リニカル,770
2185,東証JQS,シイエム・シイ,2435
2186,東証JQS,ソーバル,1012
2191,東証JQS,テラ,219
2193,東証1部,クックパッド,259
2195,東証JQG,アミタホールディングス,2880
2196,東証1部,エスクリ,446
2198,東証1部,アイ・ケイ・ケイ,666
2201,東証1部,森永製菓,3455
2204,東証1部,中村屋,3790
2206,東証1部,江崎グリコ,4330
2207,東証1部,名糖産業,1555
2208,東証2部,ブルボン,2176
2209,東証1部,井村屋グループ,2411
2211,東証1部,不二家,2135
2212,東証1部,山崎製パン,1664
2215,東証1部,第一屋製パン,952
2216,東証2部,カンロ,1472
2217,東証1部,モロゾフ,5250
2218,札証,日糧製パン,2089
2220,東証1部,亀田製菓,4640
2221,東証JQS,岩塚製菓,4005
2222,東証1部,寿スピリッツ,6570
2224,東証JQS,コモ,2600
2226,東証JQS,湖池屋,5020
2229,東証1部,カルビー,2568
2264,東証1部,森永乳業,5940
2266,東証1部,六甲バター,1512
2267,東証1部,ヤクルト本社,5790
2268,東証JQS,Ｂ−Ｒ　サーティワン　アイスクリーム,4040
2269,東証1部,明治ホールディングス,6880
2270,東証1部,雪印メグミルク,2227
2281,東証1部,プリマハム,3165
2282,東証1部,日本ハム,4530
2286,東証1部,林兼産業,615
2288,東証1部,丸大食品,1698
2291,東証2部,福留ハム,1919
2292,東証1部,Ｓ　ＦＯＯＤＳ,3270
2293,東証JQS,滝沢ハム,3015
2294,東証1部,柿安本店,2496
2296,東証1部,伊藤ハム米久ホールディングス,721
2300,東証JQS,きょくとう,496
2301,東証1部,学情,1473
2303,東証JQS,ドーン,2886
2304,東証JQS,ＣＳＳホールディングス,264
2305,東証1部,スタジオアリス,2314
2307,東証1部,クロスキャット,1018
2309,東証1部,シミックホールディングス,1526
2311,東証1部,エプコ,958
2315,東証JQS,ＣＡＩＣＡ,236
2317,東証1部,システナ,1909
2321,東証JQG,ソフトフロントホールディングス,139
2323,東証JQS,ｆｏｎｆｕｎ,496
2325,東証1部,ＮＪＳ,2123
2326,東証1部,デジタルアーツ,8400
2327,東証1部,日鉄ソリューションズ,3210
2329,東証JQS,東北新社,698
2330,東証JQS,フォーサイド,105
2331,東証1部,ＡＬＳＯＫ,4935
2332,東証JQS,クエスト,1586
2334,マザーズ,イオレ,1576
2335,東証1部,キューブシステム,1114
2337,東証1部,いちご,350
2338,東証2部,ビットワングループ,930
2340,東証JQS,極楽湯ホールディングス,307
2341,東証JQS,アルバイトタイムス,138
2342,マザーズ,トランスジェニック,589
2344,東証JQS,平安レイサービス,880
2345,東証2部,クシム,616
2349,東証JQS,エヌアイデイ,1344
2351,マザーズ,ＡＳＪ,1263
2352,東証1部,エイジア,2329
2353,東証1部,日本駐車場開発,157
2354,東証2部,ＹＥ　ＤＩＧＩＴＡＬ,610
2359,東証1部,コア,1467
2370,マザーズ,メディネット,55
2371,東証1部,カカクコム,3205
2372,東証1部,アイロムグループ,2164
2373,東証JQS,ケア２１,862
2374,東証1部,セントケア・ホールディング,1069
2375,東証2部,ギグワークス,905
2376,東証1部,サイネックス,670
2378,東証1部,ルネサンス,1214
2379,東証1部,ディップ,3100
2384,東証1部,ＳＢＳホールディングス,3040
2385,マザーズ,総医研ホールディングス,507
2388,東証JQG,ウェッジホールディングス,102
2389,東証1部,デジタルホールディングス,2072
2391,東証JQS,プラネット,1548
2393,東証2部,日本ケアサプライ,1663
2395,東証1部,新日本科学,833
2397,東証2部,ＤＮＡチップ研究所,710
2398,東証1部,ツクイホールディングス,921
2402,マザーズ,アマナ,610
2404,東証2部,鉄人化計画,281
2406,東証JQS,アルテ　サロン　ホールディングス,502
2408,東証JQS,ＫＧ情報,335
2410,東証1部,キャリアデザインセンター,1124
2411,東証JQS,ゲンダイエージェンシー,281
2412,東証1部,ベネフィット・ワン,2960
2413,東証1部,エムスリー,7159
2415,東証JQS,ヒューマンホールディングス,878
2418,東証1部,ツカダ・グローバルホールディング,357
2424,東証1部,ブラス,530
2425,東証JQG,ケアサービス,773
2427,東証1部,アウトソーシング,1844
2428,東証1部,ウェルネット,530
2429,東証1部,ワールドホールディングス,2766
2432,東証1部,ディー・エヌ・エー,2086
2433,東証1部,博報堂ＤＹホールディングス,1833
2435,東証JQS,シダー,236
2436,東証JQS,共同ピーアール,783
2437,東証JQS,Ｓｈｉｎｗａ　Ｗｉｓｅ　Ｈｏｌｄｉｎｇｓ,409
2438,マザーズ,アスカネット,1006
2440,東証1部,ぐるなび,584
2445,東証1部,タカミヤ,520
2449,東証JQS,プラップジャパン,1305
2453,東証1部,ジャパンベストレスキューシステム,713
2454,東証JQS,オールアバウト,807
2459,東証2部,アウンコンサルティング,222
2461,東証1部,ファンコミュニケーションズ,388
2462,東証1部,ライク,2351
2464,東証1部,ビジネス・ブレークスルー,443
2467,名古屋セ,バルクホールディングス,227
2468,東証2部,フュートレック,359
2469,東証JQS,ヒビノ,1380
2471,東証1部,エスプール,911
2475,東証1部,ＷＤＢホールディングス,2499
2477,東証1部,手間いらず,6280
2479,東証JQG,ジェイテック,182
2480,東証JQS,システム・ロケーション,1600
2481,東証JQS,タウンニュース社,416
2483,東証JQS,翻訳センター,1493
2484,東証JQS,出前館,1759
2485,東証1部,ティア,482
2487,東証1部,ＣＤＧ,1589
2488,東証JQS,ＪＴＰ,772
2489,東証1部,アドウェイズ,958
2491,東証1部,バリューコマース,3165
2492,東証1部,インフォマート,957
2493,東証JQS,イーサポートリンク,1008
2497,マザーズ,ユナイテッド,1401
2498,東証JQS,オリエンタルコンサルタンツホールディングス,2689
2499,東証2部,日本和装ホールディングス,240
2501,東証1部,サッポロホールディングス,2174
2502,東証1部,アサヒグループホールディングス,5122
2503,東証1部,キリンホールディングス,2175
2531,東証1部,宝ホールディングス,1426
2533,東証1部,オエノンホールディングス,386
2540,東証1部,養命酒製造,1845
2551,名証2部,マルサンアイ,4000
2573,東証2部,北海道コカ・コーラボトリング,4240
2579,東証1部,コカ・コーラ　ボトラーズジャパンホールディングス,1782
2586,マザーズ,フルッタフルッタ,255
2587,東証1部,サントリー食品インターナショナル,4005
2588,東証2部,プレミアムウォーターホールディングス,2915
2590,東証1部,ダイドーグループホールディングス,5210
2593,東証1部,伊藤園,6200
2594,東証1部,キーコーヒー,2066
2597,東証1部,ユニカフェ,998
2599,東証1部,ジャパンフーズ,1232
2602,東証1部,日清オイリオグループ,3035
2607,東証1部,不二製油グループ本社,2785
2612,東証1部,かどや製油,4010
2613,東証1部,Ｊ−オイルミルズ,1922
2651,東証1部,ローソン,5020
2652,東証2部,まんだらけ,566
2653,東証JQS,イオン九州,1965
2654,東証2部,アスモ,539
2656,東証JQS,ベクター,337
2659,東証1部,サンエー,4265
2664,東証1部,カワチ薬品,2301
2666,東証JQS,オートウェーブ,117
2667,東証JQS,イメージ　ワン,760
2668,東証2部,タビオ,1014
2669,東証JQS,カネ美食品,2980
2670,東証1部,エービーシー・マート,6040
2673,東証JQS,夢みつけ隊,162
2674,東証1部,ハードオフコーポレーション,772
2675,東証2部,ダイナックホールディングス,1296
2676,東証1部,高千穂交易,1172
2678,東証1部,アスクル,1752
2681,東証1部,ゲオホールディングス,1139
2683,東証2部,魚喜,1219
2685,東証1部,アダストリア,1846
2686,東証1部,ジーフット,407
2687,東証1部,シー・ヴイ・エス・ベイエリア,400
2689,東証1部,オルバヘルスケアホールディングス,1725
2692,東証1部,伊藤忠食品,5040
2693,東証JQS,ＹＫＴ,289
2694,東証JQS,ジー・テイスト,67
2695,東証1部,くら寿司,3935
2698,東証1部,キャンドゥ,2100
2700,東証JQS,木徳神糧,3590
2702,東証JQS,日本マクドナルドホールディングス,4990
2705,東証JQS,大戸屋ホールディングス,2676
2706,東証JQS,ブロッコリー,1541
2708,東証JQS,久世,701
2715,東証1部,エレマテック,1235
2721,東証JQS,ジェイホールディングス,260
2722,東証1部,アイケイ,788
2726,東証1部,パルグループホールディングス,1601
2729,東証1部,ＪＡＬＵＸ,1626
2730,東証1部,エディオン,1124
2733,東証1部,あらた,4240
2734,東証1部,サーラコーポレーション,609
2735,東証1部,ワッツ,924
2736,東証JQS,フェスタリアホールディングス,1488
2737,東証1部,トーメンデバイス,4015
2742,東証1部,ハローズ,2881
2743,東証JQS,ピクセルカンパニーズ,107
2747,東証JQS,北雄ラッキー,3120
2749,東証1部,ＪＰホールディングス,294
2750,東証JQS,石光商事,472
2751,東証JQS,テンポスホールディングス,2172
2752,東証1部,フジオフードグループ本社,1372
2753,東証1部,あみやき亭,2857
2754,東証JQS,東葛ホールディングス,424
2760,東証1部,東京エレクトロン　デバイス,5980
2761,東証JQS,トシン・グループ,6100
2762,東証2部,三光マーケティングフーズ,258
2763,東証JQS,エフティグループ,1302
2764,東証1部,ひらまつ,166
2767,東証1部,フィールズ,453
2768,東証1部,双日,335
2769,東証JQS,ヴィレッジヴァンガードコーポレーション,992
2773,東証JQS,ミューチュアル,887
2776,東証JQS,新都ホールディングス,77
2777,東証JQS,カッシーナ・イクスシー,838
2778,東証2部,パレモ・ホールディングス,169
2780,東証2部,コメ兵ホールディングス,1077
2782,東証JQS,セリア,4055
2784,東証1部,アルフレッサ　ホールディングス,1675
2788,東証2部,アップルインターナショナル,272
2789,東証JQS,カルラ,416
2790,東証JQS,ナフコ,1969
2791,東証1部,大黒天物産,7740
2792,東証1部,ハニーズホールディングス,1048
2795,東証JQS,日本プリメックス,718
2796,東証1部,ファーマライズホールディングス,788
2798,東証2部,ワイズテーブルコーポレーション,1866
2801,東証1部,キッコーマン,6790
2802,東証1部,味の素,2427
2804,東証1部,ブルドックソース,2263
2805,東証2部,ヱスビー食品,4650
2806,東証2部,ユタカフーズ,1905
2809,東証1部,キユーピー,2576
2810,東証1部,ハウス食品グループ本社,3170
2811,東証1部,カゴメ,3000
2812,東証1部,焼津水産化学工業,978
2813,東証JQS,和弘食品,2520
2814,東証JQS,佐藤食品工業,1572
2815,東証1部,アリアケジャパン,6330
2816,東証2部,ダイショー,1323
2818,東証1部,ピエトロ,1650
2819,東証1部,エバラ食品工業,2634
2820,東証1部,やまみ,2094
2830,東証2部,アヲハタ,2381
2831,東証2部,はごろもフーズ,3140
2871,東証1部,ニチレイ,2852
2872,東証2部,セイヒョー,3300
2874,東証1部,ヨコレイ,888
2875,東証1部,東洋水産,4490
2876,東証JQS,デルソーレ,484
2877,東証JQS,日東ベスト,796
2882,東証1部,イートアンドホールディングス,1850
2883,東証1部,大冷,1935
2884,東証1部,ヨシムラ・フード・ホールディングス,788
2892,東証2部,日本食品化工,1786
2894,東証2部,石井食品,237
2897,東証1部,日清食品ホールディングス,8070
2899,東証1部,永谷園ホールディングス,2232
2901,東証JQS,石垣食品,153
2902,名証2部,太陽化学,1710
2903,東証2部,シノブフーズ,600
2904,東証1部,一正蒲鉾,976
2905,東証JQS,オーケー食品工業,1136
2907,東証2部,あじかん,823
2908,東証1部,フジッコ,1929
2910,東証1部,ロック・フィールド,1587
2911,東証2部,旭松食品,2192
2914,東証1部,ＪＴ,2172.5
2915,東証1部,ケンコーマヨネーズ,1712
2916,東証JQS,仙波糖化工業,649
2917,東証JQS,大森屋,804
2918,東証1部,わらべや日洋ホールディングス,1997
2919,福証,マルタイ,3500
2922,東証1部,なとり,1930
2923,東証2部,サトウ食品,4980
2924,東証1部,イフジ産業,911
2925,東証1部,ピックルスコーポレーション,3270
2926,東証2部,篠崎屋,121
2927,東証JQS,ＡＦＣ−ＨＤアムスライフサイエンス,975
2928,札幌ア,ＲＩＺＡＰグループ,205
2929,東証1部,ファーマフーズ,3320
2930,東証1部,北の達人コーポレーション,499
2931,東証1部,ユーグレナ,884
2932,東証2部,ＳＴＩフードホールディングス,4600
2933,東証1部,紀文食品,1715
2970,東証JQS,グッドライフカンパニー,1071
2974,福証,大英産業,1190
2975,東証1部,スター・マイカ・ホールディングス,1085
2976,札幌ア,日本グランデ,760
2978,マザーズ,ツクルバ,675
2980,東証1部,ＳＲＥホールディングス,5540
2981,マザーズ,ランディックス,1930
2982,東証1部,ＡＤワークスグループ,162
2983,マザーズ,アールプランナー,2291
2986,東証JQG,ＬＡホールディングス,1343
2987,マザーズ,タスキ,1800
3001,東証1部,片倉工業,1495
3002,東証1部,グンゼ,4315
3003,東証1部,ヒューリック,1238
3004,東証1部,神栄,1331
3010,東証2部,ポラリス・ホールディングス,114
3011,東証2部,バナーズ,117
3020,東証JQS,アプライド,3060
3021,東証2部,パシフィックネット,3160
3023,東証1部,ラサ商事,901
3024,東証JQS,クリエイト,636
3028,東証1部,アルペン,2606
3030,東証1部,ハブ,683
3031,東証1部,ラクーンホールディングス,3015
3032,名古屋セ,ゴルフ・ドゥ,538
3034,東証1部,クオールホールディングス,1503
3035,東証JQS,ケイティケイ,432
3036,東証1部,アルコニックス,1611
3038,東証1部,神戸物産,2848
3040,東証1部,ソリトンシステムズ,1869
3041,東証2部,ビューティ花壇,262
3042,東証JQG,セキュアヴェイル,318
3045,東証2部,カワサキ,1240
3046,東証1部,ジンズホールディングス,7980
3047,福岡Q,ＴＲＵＣＫ−ＯＮＥ,261
3048,東証1部,ビックカメラ,1103
3050,東証1部,ＤＣＭホールディングス,1043
3053,東証1部,ペッパーフードサービス,354
3054,東証1部,ハイパー,546
3055,札証,ほくやく・竹山ホールディングス,725
3057,名古屋セ,ゼットン,712
3058,東証JQS,三洋堂ホールディングス,925
3059,東証2部,ヒラキ,1049
3063,マザーズ,ジェイグループホールディングス,509
3064,東証1部,ＭｏｎｏｔａＲＯ,2468
3065,東証JQS,ライフフーズ,1657
3066,名証2部,ＪＢイレブン,747
3067,東証1部,東京一番フーズ,580
3068,東証JQS,ＷＤＩ,1514
3069,東証JQS,ＪＦＬＡホールディングス,368
3070,東証JQG,アマガサ,292
3071,東証2部,ストリーム,162
3073,東証1部,ＤＤホールディングス,572
3075,東証JQS,銚子丸,1084
3076,東証1部,あい　ホールディングス,2282
3077,東証JQS,ホリイフードサービス,473
3079,東証1部,ディーブイエックス,990
3080,東証JQS,ジェーソン,539
3082,東証1部,きちりホールディングス,589
3083,東証JQS,シーズメン,373
3085,東証1部,アークランドサービスホールディングス,2216
3086,東証1部,Ｊ．フロント　リテイリング,1088
3087,東証1部,ドトール・日レスホールディングス,1665
3088,東証1部,マツモトキヨシホールディングス,4385
3089,東証JQS,テクノアルファ,1175
3091,東証1部,ブロンコビリー,2311
3092,東証1部,ＺＯＺＯ,3690
3093,東証1部,トレジャー・ファクトリー,1130
3094,東証JQS,スーパーバリュー,694
3096,東証JQS,オーシャンシステム,1074
3097,東証1部,物語コーポレーション,6690
3098,東証1部,ココカラファイン,7410
3099,東証1部,三越伊勢丹ホールディングス,791
3101,東証1部,東洋紡,1409
3103,東証1部,ユニチカ,373
3104,東証1部,富士紡ホールディングス,3850
3105,東証1部,日清紡ホールディングス,927
3106,東証1部,クラボウ,1817
3107,東証1部,ダイワボウホールディングス,1850
3109,東証1部,シキボウ,924
3110,東証1部,日東紡,3485
3111,東証2部,オーミケンシ,406
3113,東証2部,Ｏａｋ　キャピタル,101
3116,東証1部,トヨタ紡織,2057
3121,東証2部,マーチャント・バンカーズ,305
3123,東証2部,サイボー,471
3125,東証2部,新内外綿,584
3131,東証JQS,シンデン・ハイテックス,1770
3132,東証1部,マクニカ・富士エレホールディングス,2359
3133,マザーズ,海帆,519
3134,東証1部,Ｈａｍｅｅ,1546
3135,東証1部,マーケットエンタープライズ,1161
3136,札幌ア,エコノス,523
3137,マザーズ,ファンデリー,644
3138,マザーズ,富士山マガジンサービス,816
3139,東証1部,ラクト・ジャパン,2850
3140,東証JQG,イデアインターナショナル,1038
3141,東証1部,ウエルシアホールディングス,3405
3143,東証2部,オーウイル,1022
3148,東証1部,クリエイトＳＤホールディングス,3325
3150,東証1部,グリムス,1866
3151,東証1部,バイタルケーエスケー・ホールディングス,679
3153,東証1部,八洲電機,968
3154,東証1部,メディアスホールディングス,959
3156,東証1部,レスターホールディングス,1869
3157,東証1部,ジューテックホールディングス,1043
3159,東証1部,丸善ＣＨＩホールディングス,394
3160,東証1部,大光,700
3161,東証2部,アゼアス,914
3166,東証1部,ＯＣＨＩホールディングス,1267
3167,東証1部,ＴＯＫＡＩホールディングス,900
3168,東証1部,黒谷,934
3169,東証1部,ミサワ,690
3172,東証1部,ティーライフ,1429
3173,東証1部,Ｃｏｍｉｎｉｘ,725
3174,東証JQS,ハピネス・アンド・ディ,952
3175,東証1部,エー・ピーホールディングス,449
3176,東証1部,三洋貿易,1264
3177,東証JQS,ありがとうサービス,1878
3178,東証1部,チムニー,1341
3179,東証1部,シュッピン,974
3180,東証1部,ビューティガレージ,3765
3181,東証JQS,買取王国,632
3182,東証1部,オイシックス・ラ・大地,3360
3183,東証1部,ウイン・パートナーズ,1006
3184,東証2部,ＩＣＤＡホールディングス,2399
3185,マザーズ,夢展望,211
3186,東証1部,ネクステージ,1696
3187,マザーズ,サンワカンパニー,324
3189,東証JQS,ＡＮＡＰ,340
3190,東証JQS,ホットマン,523
3191,東証1部,ジョイフル本田,1343
3192,東証JQS,白鳩,267
3193,東証1部,鳥貴族ホールディングス,1761
3195,マザーズ,ジェネレーションパス,541
3196,東証1部,ホットランド,1372
3197,東証1部,すかいらーくホールディングス,1602
3198,東証1部,ＳＦＰホールディングス,1316
3199,東証1部,綿半ホールディングス,1260
3201,東証1部,ニッケ,992
3202,東証1部,ダイトウボウ,105
3204,東証1部,トーア紡コーポレーション,461
3205,東証1部,ダイドーリミテッド,175
3221,東証1部,ヨシックス,2045
3222,東証1部,ユナイテッド・スーパーマーケット・ホールディングス,1106
3223,東証JQS,エスエルディー,640
3224,マザーズ,ゼネラル・オイスター,940
3228,東証1部,三栄建築設計,2031
3231,東証1部,野村不動産ホールディングス,2878
3232,東証1部,三重交通グループホールディングス,480
3236,東証JQS,プロパスト,165
3237,マザーズ,イントランス,77
3238,東証2部,セントラル総合開発,344
3241,東証2部,ウィル,358
3242,東証JQS,アーバネットコーポレーション,321
3244,東証1部,サムティ,2034
3245,東証1部,ディア・ライフ,476
3246,東証1部,コーセーアールイー,634
3248,東証2部,アールエイジ,642
3252,東証1部,日本商業開発,1833
3254,東証1部,プレサンスコーポレーション,1764
3260,名古屋セ,エスポア,575
3261,マザーズ,グランディーズ,389
3264,東証JQS,アスコット,226
3266,東証JQS,ファンドクリエーショングループ,97
3267,東証1部,フィル・カンパニー,2679
3271,東証1部,ＴＨＥグローバル社,246
3275,東証1部,ハウスコム,1165
3276,東証1部,日本管理センター,1264
3277,東証1部,サンセイランディック,875
3280,東証1部,エストラスト,687
3284,東証1部,フージャースホールディングス,739
3286,マザーズ,トラストホールディングス,376
3288,東証1部,オープンハウス,4920
3289,東証1部,東急不動産ホールディングス,622
3291,東証1部,飯田グループホールディングス,2914
3293,東証JQS,アズマハウス,1503
3294,東証1部,イーグランド,977
3297,東証JQS,東武住販,1223
3299,東証1部,ムゲンエステート,497
3300,マザーズ,ＡＭＢＩＴＩＯＮ,755
3302,東証1部,帝国繊維,2047
3306,東証2部,日本製麻,356
3315,東証1部,日本コークス工業,108
3316,東証JQS,東京日産コンピュータシステム,601
3317,東証JQS,フライングガーデン,1640
3319,東証1部,ゴルフダイジェスト・オンライン,1507
3320,東証2部,クロスプラス,1022
3321,東証1部,ミタチ産業,670
3322,東証JQS,アルファグループ,701
3323,東証JQS,レカム,103
3326,東証JQS,ランシステム,418
3328,東証1部,ＢＥＥＮＯＳ,3465
3329,東証JQS,東和フードサービス,1362
3333,東証1部,あさひ,1437
3341,東証1部,日本調剤,1741
3346,名古屋セ,２１ＬＡＤＹ,100
3347,東証2部,トラスト,181
3349,東証1部,コスモス薬品,15380
3350,東証JQS,レッド・プラネット・ジャパン,54
3352,東証JQS,バッファロー,1193
3353,東証JQS,メディカル一光グループ,2753
3355,東証2部,クリヤマホールディングス,716
3356,東証JQS,テリロジー,554
3358,東証JQS,ワイエスフード,312
3359,マザーズ,ｃｏｔｔａ,685
3360,東証1部,シップヘルスケアホールディングス,2667
3361,東証1部,トーエル,771
3370,東証JQS,フジタコーポレーション,384
3371,東証1部,ソフトクリエイトホールディングス,2418
3372,東証2部,関門海,306
3374,東証JQS,内外テック,2964
3375,東証JQS,ＺＯＡ,1200
3376,東証1部,オンリー,447
3377,東証2部,バイク王＆カンパニー,650
3382,東証1部,セブン＆アイ・ホールディングス,4868
3384,名古屋セ,アークコア,467
3386,東証JQS,コスモ・バイオ,1204
3387,東証1部,クリエイト・レストランツ・ホールディングス,813
3388,東証1部,明治電機工業,1408
3390,東証JQS,ＩＮＥＳＴ,80
3391,東証1部,ツルハホールディングス,13210
3392,東証1部,デリカフーズホールディングス,626
3393,東証1部,スターティアホールディングス,1246
3395,東証1部,サンマルクホールディングス,1543
3396,東証1部,フェリシモ,1384
3397,東証1部,トリドールホールディングス,1762
3399,東証JQS,丸千代山岡家,1901
3401,東証1部,帝人,1781
3402,東証1部,東レ,694.4
3405,東証1部,クラレ,1121
3407,東証1部,旭化成,1220
3408,東証1部,サカイオーベックス,2969
3409,東証2部,北日本紡績,202
3415,東証1部,ＴＯＫＹＯ　ＢＡＳＥ,702
3416,マザーズ,ピクスタ,1089
3417,東証JQS,大木ヘルスケアホールディングス,1125
3418,マザーズ,バルニバービ,1015
3419,名古屋セ,アートグリーン,1370
3420,東証2部,ケー・エフ・シー,1772
3421,東証1部,稲葉製作所,1479
3422,東証2部,丸順,1023
3423,東証JQS,エスイー,287
3426,東証JQS,アトムリビンテック,1504
3431,東証1部,宮地エンジニアリンググループ,2212
3433,東証1部,トーカロ,1434
3434,東証1部,アルファ,1134
3435,東証2部,サンコーテクノ,930
3436,東証1部,ＳＵＭＣＯ,2434
3437,東証JQS,特殊電極,2179
3439,東証JQS,三ツ知,2294
3440,東証2部,日創プロニティ,760
3441,東証JQS,山王,1234
3442,名証2部,ＭＩＥコーポレーション,760
3443,東証1部,川田テクノロジーズ,3900
3444,東証JQS,菊池製作所,806
3445,東証1部,ＲＳ　Ｔｅｃｈｎｏｌｏｇｉｅｓ,5530
3446,東証1部,ジェイテックコーポレーション,2732
3447,東証1部,信和,821
3449,東証2部,テクノフレックス,1009
3452,東証1部,ビーロット,663
3454,東証1部,ファーストブラザーズ,992
3457,東証1部,ハウスドゥ,1052
3458,東証1部,シーアールイー,1407
3461,マザーズ,パルマ,715
3464,東証1部,プロパティエージェント,2363
3465,東証1部,ケイアイスター不動産,4690
3467,東証1部,アグレ都市デザイン,1030
3469,東証2部,デュアルタップ,627
3474,マザーズ,Ｇ−ＦＡＣＴＯＲＹ,461
3475,東証1部,グッドコムアセット,1413
3477,マザーズ,フォーライフ,1221
3479,マザーズ,ティーケーピー,2376
3480,東証1部,ジェイ・エス・ビー,3460
3482,マザーズ,ロードスターキャピタル,1077
3484,東証1部,テンポイノベーション,874
3486,東証1部,グローバル・リンク・マネジメント,853
3489,東証1部,フェイスネットワーク,1342
3490,東証JQS,アズ企画設計,1243
3491,マザーズ,ＧＡ　ｔｅｃｈｎｏｌｏｇｉｅｓ,1806
3494,東証JQS,マリオン,1231
3495,東証JQS,香陵住販,1973
3496,マザーズ,アズーム,6060
3497,マザーズ,ＬｅＴｅｃｈ,1249
3498,マザーズ,霞ヶ関キャピタル,4685
3501,東証1部,住江織物,1964
3504,名証2部,丸八ホールディングス,800
3512,東証1部,日本フエルト,434
3513,東証1部,イチカワ,1378
3515,東証JQS,フジコー,2955
3521,東証1部,エコナックホールディングス,89
3524,東証1部,日東製網,1544
3526,東証1部,芦森工業,1085
3528,東証2部,プロスペクト,32
3529,東証1部,アツギ,610
3536,東証JQS,アクサスホールディングス,139
3537,東証JQS,昭栄薬品,982
3538,東証1部,ウイルプラスホールディングス,1346
3539,東証1部,ＪＭホールディングス,2122
3540,東証JQS,歯愛メディカル,7110
3541,マザーズ,農業総合研究所,543
3542,マザーズ,ベガコーポレーション,1616
3543,東証1部,コメダホールディングス,2047
3544,東証1部,サツドラホールディングス,2157
3546,東証1部,アレンザホールディングス,1248
3547,東証1部,串カツ田中ホールディングス,1712
3548,東証1部,バロックジャパンリミテッド,776
3549,東証1部,クスリのアオキホールディングス,7880
3550,マザーズ,スタジオアタオ,467
3551,東証1部,ダイニック,793
3553,東証1部,共和レザー,706
3556,マザーズ,リネットジャパングループ,901
3557,マザーズ,ユナイテッド＆コレクティブ,1039
3558,マザーズ,ロコンド,1715
3559,東証1部,ピーバンドットコム,878
3560,東証JQS,ほぼ日,4010
3561,東証1部,力の源ホールディングス,615
3562,東証JQS,Ｎｏ．１,1296
3563,東証1部,ＦＯＯＤ　＆　ＬＩＦＥ　ＣＯＭＰＡＮＩＥＳ,4590
3565,東証1部,アセンテック,1351
3566,マザーズ,ユニフォームネクスト,1893
3569,東証1部,セーレン,2070
3571,東証1部,ソトー,797
3577,東証1部,東海染工,1122
3578,東証2部,倉庫精練,405
3580,東証1部,小松マテーレ,925
3583,東証2部,オーベクス,655
3591,東証1部,ワコールホールディングス,2544
3593,東証1部,ホギメディカル,3330
3597,東証2部,自重堂,7070
3598,東証2部,山喜,165
3600,東証2部,フジックス,1675
3604,東証2部,川本産業,1175
3607,東証1部,クラウディアホールディングス,285
3608,東証1部,ＴＳＩホールディングス,310
3611,東証1部,マツオカコーポレーション,1770
3612,東証1部,ワールド,1456
3622,マザーズ,ネットイヤーグループ,721
3623,マザーズ,ビリングシステム,1203
3624,マザーズ,アクセルマーク,475
3625,東証JQG,テックファームホールディングス,683
3626,東証1部,ＴＩＳ,2833
3627,東証1部,ＪＮＳホールディングス,535
3628,マザーズ,データホライゾン,4725
3630,東証1部,電算システム,3150
3632,東証1部,グリー,568
3633,東証1部,ＧＭＯペパボ,5580
3634,東証2部,ソケッツ,852
3635,東証1部,コーエーテクモホールディングス,4995
3636,東証1部,三菱総合研究所,4220
3639,東証1部,ボルテージ,510
3640,東証1部,電算,2379
3641,東証JQS,パピレス,1783
3645,マザーズ,メディカルネット,1381
3646,マザーズ,駅探,491
3647,東証2部,ジー・スリーホールディングス,521
3648,東証1部,ＡＧＳ,838
3649,東証1部,ファインデックス,1110
3652,マザーズ,ディジタルメディアプロフェッショナル,2212
3653,マザーズ,モルフォ,1385
3655,東証1部,ブレインパッド,5500
3656,東証1部,ＫＬａｂ,713
3657,東証1部,ポールトゥウィン・ピットクルーホールディングス,1068
3658,東証1部,イーブックイニシアティブジャパン,2623
3659,東証1部,ネクソン,2654
3660,東証1部,アイスタイル,531
3661,東証1部,エムアップホールディングス,2668
3662,東証1部,エイチーム,1743
3663,東証2部,アートスパークホールディングス,3295
3664,マザーズ,モブキャストホールディングス,127
3665,東証1部,エニグモ,1344
3666,東証1部,テクノスジャパン,627
3667,東証1部,ｅｎｉｓｈ,518
3668,東証1部,コロプラ,806
3670,東証JQS,協立情報通信,1648
3671,マザーズ,ソフトマックス,1265
3672,東証1部,オルトプラス,476
3673,東証1部,ブロードリーフ,535
3674,マザーズ,オークファン,1261
3675,東証1部,クロス・マーケティンググループ,688
3676,東証1部,デジタルハーツホールディングス,1607
3677,東証1部,システム情報,968
3678,東証1部,メディアドゥ,5320
3679,東証1部,じげん,411
3680,マザーズ,ホットリンク,782
3681,東証1部,ブイキューブ,2682
3682,東証1部,エンカレッジ・テクノロジ,648
3683,東証1部,サイバーリンクス,1719
3686,東証1部,ディー・エル・イー,297
3687,東証1部,フィックスターズ,883
3688,東証1部,ＣＡＲＴＡ　ＨＯＬＤＩＮＧＳ,1747
3689,マザーズ,イグニス,2991
3690,マザーズ,イルグルム,1255
3691,マザーズ,リアルワールド,557
3692,マザーズ,ＦＦＲＩセキュリティ,2181
3694,東証1部,オプティム,2525
3695,マザーズ,ＧＭＯリサーチ,2125
3696,東証1部,セレス,3895
3697,東証1部,ＳＨＩＦＴ,15130
3698,マザーズ,ＣＲＩ・ミドルウェア,1696
3708,東証1部,特種東海製紙,4495
3710,東証JQS,ジョルダン,819
3712,東証2部,情報企画,2855
3719,東証JQS,ジェクシード,215
3723,マザーズ,日本ファルコム,1510
3726,東証2部,フォーシーズホールディングス,484
3727,マザーズ,アプリックス,219
3733,東証JQS,ソフトウェア・サービス,10520
3738,東証1部,ティーガイア,1938
3739,名古屋セ,コムシード,230
3741,東証1部,セック,2699
3744,東証2部,サイオス,697
3747,東証2部,インタートレード,512
3750,東証2部,ＦＲＡＣＴＡＬＥ,1402
3751,東証1部,日本アジアグループ,945
3753,東証2部,フライトホールディングス,572
3758,東証JQS,アエリア,581
3760,東証JQS,ケイブ,1088
3762,東証1部,テクマトリックス,1944
3763,東証1部,プロシップ,1355
3765,東証1部,ガンホー・オンライン・エンターテイメント,2051
3766,東証JQS,システムズ・デザイン,654
3768,東証2部,リスクモンスター,1016
3769,東証1部,ＧＭＯペイメントゲートウェイ,13120
3770,東証1部,ザッパラス,534
3771,東証1部,システムリサーチ,2256
3772,東証2部,ウェルス・マネジメント,1469
3773,マザーズ,アドバンスト・メディア,810
3774,東証1部,インターネットイニシアティブ,2754
3775,名古屋セ,ガイアックス,694
3776,東証JQS,ブロードバンドタワー,247
3777,東証JQG,ＦＨＴホールディングス,17
3778,東証1部,さくらインターネット,645
3779,東証JQS,ジェイ・エスコム　ホールディングス,109
3782,マザーズ,ディー・ディー・エス,205
3784,東証1部,ヴィンクス,957
3787,東証2部,テクノマセマティカル,775
3788,東証1部,ＧＭＯグローバルサイン・ホールディングス,5130
3791,東証JQS,ＩＧポート,1713
3793,マザーズ,ドリコム,684
3796,東証2部,いい生活,483
3798,東証JQS,ＵＬＳグループ,3755
3799,東証2部,キーウェアソリューションズ,798
3800,東証JQS,ユニリタ,1891
3802,東証JQS,エコミック,558
3803,東証JQG,イメージ情報開発,551
3804,東証JQS,システム　ディ,1466
3807,東証JQG,フィスコ,196
3808,名古屋セ,オウケイウェイヴ,264
3810,東証2部,サイバーステップ,706
3814,東証JQG,アルファクス・フード・システム,808
3815,マザーズ,メディア工房,327
3816,東証JQS,大和コンピューター,1138
3817,東証1部,ＳＲＡホールディングス,2596
3823,東証2部,アクロディア,175
3824,福岡Q,メディアファイブ,774
3825,東証2部,リミックスポイント,164
3826,東証1部,システムインテグレータ,632
3830,名古屋セ,ギガプライズ,1391
3834,東証1部,朝日ネット,716
3835,東証1部,ｅＢＡＳＥ,946
3836,東証1部,アバント,1475
3837,東証1部,アドソル日進,2516
3839,東証1部,ＯＤＫソリューションズ,891
3840,東証2部,パス,93
3841,東証JQS,ジーダット,1258
3842,東証JQG,ネクストジェン,1256
3843,東証1部,フリービット,922
3844,東証1部,コムチュア,2409
3845,東証JQS,アイフリークモバイル,157
3847,東証JQS,パシフィックシステム,3240
3848,東証JQS,データ・アプリケーション,1663
3849,札幌ア,日本テクノ・ラボ,1087
3850,東証2部,ＮＴＴデータイントラマート,2861
3851,東証JQS,日本一ソフトウェア,1136
3852,東証1部,サイバーコム,1504
3853,東証1部,アステリア,839
3854,東証1部,アイル,1590
3856,東証2部,Ａｂａｌａｎｃｅ,4970
3857,東証JQS,ラック,1037
3858,東証JQS,ユビキタスＡＩコーポレーション,594
3861,東証1部,王子ホールディングス,677
3863,東証1部,日本製紙,1348
3864,東証1部,三菱製紙,371
3865,東証1部,北越コーポレーション,612
3877,東証1部,中越パルプ工業,1281
3878,東証1部,巴川製紙所,793
3880,東証1部,大王製紙,1800
3891,東証JQS,ニッポン高度紙工業,3135
3892,東証JQS,岡山製紙,985
3895,東証JQS,ハビックス,551
3896,東証1部,阿波製紙,423
3900,マザーズ,クラウドワークス,1429
3901,東証1部,マークラインズ,3050
3902,東証1部,メディカル・データ・ビジョン,2032
3903,東証1部,ｇｕｍｉ,1198
3904,マザーズ,カヤック,880
3905,マザーズ,データセクション,439
3906,マザーズ,ＡＬＢＥＲＴ,5590
3907,マザーズ,シリコンスタジオ,1284
3908,マザーズ,コラボス,514
3909,東証1部,ショーケース,761
3910,東証JQS,エムケイシステム,674
3911,マザーズ,Ａｉｍｉｎｇ,379
3912,東証1部,モバイルファクトリー,1368
3913,マザーズ,ｓＭｅｄｉｏ,1232
3914,マザーズ,ＪＩＧ−ＳＡＷ,8930
3915,東証1部,テラスカイ,2630
3916,東証1部,デジタル・インフォメーション・テクノロジー,2031
3917,マザーズ,アイリッジ,774
3918,東証1部,ＰＣＩホールディングス,1445
3919,東証1部,パイプドＨＤ,1602
3920,東証1部,アイビーシー,1012
3921,東証1部,ネオジャパン,1766
3922,東証1部,ＰＲ　ＴＩＭＥＳ,3300
3923,東証1部,ラクス,2040
3924,東証1部,ランドコンピュータ,1091
3925,東証1部,ダブルスタンダード,4830
3926,東証1部,オープンドア,2231
3927,マザーズ,フーバーブレイン,796
3928,東証1部,マイネット,826
3929,マザーズ,ソーシャルワイヤー,665
3930,マザーズ,はてな,1406
3931,マザーズ,バリューゴルフ,1795
3932,東証1部,アカツキ,3595
3933,東証JQS,チエル,1318
3934,東証1部,ベネフィットジャパン,1975
3935,マザーズ,エディア,442
3936,マザーズ,グローバルウェイ,1277
3937,東証1部,Ｕｂｉｃｏｍホールディングス,3085
3939,東証1部,カナミックネットワーク,644
3940,東証1部,ノムラシステムコーポレーション,299
3941,東証1部,レンゴー,938
3943,福証,大石産業,1810
3944,東証2部,古林紙工,2480
3945,東証2部,スーパーバッグ,1190
3946,東証1部,トーモク,1916
3947,東証2部,ダイナパック,1497
3948,東証JQS,光ビジネスフォーム,493
3950,東証1部,ザ・パック,2742
3951,東証2部,朝日印刷,934
3952,名証2部,中央紙器工業,1114
3953,東証JQS,大村紙業,612
3954,東証JQS,昭和パックス,1740
3955,東証2部,イムラ封筒,1044
3956,東証JQS,国際チャート,325
3960,マザーズ,バリューデザイン,4090
3961,マザーズ,シルバーエッグ・テクノロジー,1370
3962,東証1部,チェンジ,3050
3963,東証1部,シンクロ・フード,385
3964,東証1部,オークネット,1415
3965,東証1部,キャピタル・アセット・プランニング,1167
3966,マザーズ,ユーザベース,2637
3967,マザーズ,エルテス,1243
3968,東証1部,セグエグループ,1298
3969,東証1部,エイトレッド,2408
3970,マザーズ,イノベーション,3630
3974,東証JQS,ティビィシィ・スキヤツト,494
3975,東証1部,ＡＯＩ　ＴＹＯ　Ｈｏｌｄｉｎｇｓ,896
3976,マザーズ,シャノン,1338
3977,札幌ア,フュージョン,980
3978,東証1部,マクロミル,937
3979,マザーズ,うるる,3135
3981,東証1部,ビーグリー,1361
3983,東証1部,オロ,3640
3984,東証1部,ユーザーローカル,4410
3985,東証1部,テモナ,1104
3986,マザーズ,ビーブレイクシステムズ,1345
3987,マザーズ,エコモット,897
3988,東証JQS,ＳＹＳホールディングス,1274
3989,マザーズ,シェアリングテクノロジー,239
3990,マザーズ,ＵＵＵＭ,1541
3991,マザーズ,ウォンテッドリー,3395
3992,東証1部,ニーズウェル,607
3993,マザーズ,ＰＫＳＨＡ　Ｔｅｃｈｎｏｌｏｇｙ,2651
3994,マザーズ,マネーフォワード,5390
3995,マザーズ,ＳＫＩＹＡＫＩ,450
3996,東証1部,サインポスト,865
3997,東証JQS,トレードワークス,984
3998,マザーズ,すららネット,3150
3999,マザーズ,ナレッジスイート,832
4004,東証1部,昭和電工,3405
4005,東証1部,住友化学,586
4008,東証1部,住友精化,3655
4011,マザーズ,ヘッドウォータース,11300
4012,マザーズ,アクシス,3830
4013,マザーズ,勤次郎,2328
4014,マザーズ,カラダノート,1449
4015,マザーズ,アララ,1585
4016,東証JQS,ＭＩＴホールディングス,1375
4017,マザーズ,クリーマ,3375
4019,マザーズ,スタメン,1115
4020,マザーズ,ビートレンド,3100
4021,東証1部,日産化学,5830
4022,東証1部,ラサ工業,1890
4023,東証1部,クレハ,6480
4025,東証1部,多木化学,5730
4026,東証2部,神島化学工業,1532
4027,東証1部,テイカ,1240
4028,東証1部,石原産業,985
4031,東証1部,片倉コープアグリ,1201
4041,東証1部,日本曹達,3480
4042,東証1部,東ソー,1947
4043,東証1部,トクヤマ,2351
4044,東証1部,セントラル硝子,2169
4045,東証1部,東亞合成,1197
4046,東証1部,大阪ソーダ,2523
4047,東証1部,関東電化工業,918
4051,マザーズ,ＧＭＯフィナンシャルゲート,17010
4052,マザーズ,フィーチャ,1201
4053,マザーズ,Ｓｕｎ　Ａｓｔｅｒｉｓｋ,2288
4054,マザーズ,日本情報クリエイト,2170
4055,マザーズ,ティアンドエス,4000
4056,マザーズ,ニューラルポケット,4795
4057,マザーズ,インターファクトリー,2222
4058,マザーズ,トヨクモ,2178
4059,東証JQS,まぐまぐ,1217
4060,マザーズ,ｒａｋｕｍｏ,1792
4061,東証1部,デンカ,4155
4062,東証1部,イビデン,4780
4063,東証1部,信越化学工業,18315
4064,東証1部,日本カーバイド工業,1311
4078,東証1部,堺化学工業,1826
4080,東証JQS,田中化学研究所,988
4082,東証1部,第一稀元素化学工業,1577
4088,東証1部,エア・ウォーター,1852
4091,東証1部,日本酸素ホールディングス,2218
4092,東証1部,日本化学工業,2745
4093,東証1部,東邦アセチレン,1190
4094,東証2部,日本化学産業,1263
4095,東証1部,日本パーカライジング,1134
4097,東証1部,高圧ガス工業,652
4098,東証1部,チタン工業,1936
4099,東証1部,四国化成工業,1221
4100,東証1部,戸田工業,2274
4102,東証2部,丸尾カルシウム,1450
4107,東証2部,伊勢化学工業,3300
4109,東証1部,ステラ　ケミファ,2972
4112,東証1部,保土谷化学工業,3925
4113,東証2部,田岡化学工業,11530
4114,東証1部,日本触媒,5570
4115,東証2部,本州化学工業,1826
4116,東証1部,大日精化工業,2373
4118,東証1部,カネカ,4500
4119,東証2部,日本ピグメント,2095
4120,東証2部,スガイ化学工業,1508
4124,東証JQS,大阪油化工業,1821
4151,東証1部,協和キリン,3355
4165,マザーズ,プレイド,3395
4166,マザーズ,かっこ,3305
4167,マザーズ,ココペリ,5280
4168,マザーズ,ヤプリ,4100
4169,マザーズ,ＥＮＥＣＨＡＮＧＥ,2055
4170,マザーズ,Ｋａｉｚｅｎ　Ｐｌａｔｆｏｒｍ,1671
4171,東証JQS,グローバルインフォメーション,1655
4172,東証JQS,東和ハイシステム,3130
4173,マザーズ,ＷＡＣＵＬ,2328
4174,東証JQS,アピリッツ,3565
4175,マザーズ,ｃｏｌｙ,4700
4176,マザーズ,ココナラ,1791
4177,マザーズ,ｉ−ｐｌｕｇ,4460
4178,マザーズ,Ｓｈａｒｉｎｇ　Ｉｎｎｏｖａｔｉｏｎｓ,2756
4179,マザーズ,ジーネクスト,1595
4180,マザーズ,Ａｐｐｉｅｒ　Ｇｒｏｕｐ,1681
4182,東証1部,三菱ガス化学,2457
4183,東証1部,三井化学,3430
4185,東証1部,ＪＳＲ,3285
4186,東証1部,東京応化工業,6990
4187,東証1部,大阪有機化学工業,3835
4188,東証1部,三菱ケミカルホールディングス,883
4189,東証1部,ＫＨネオケム,2790
4192,マザーズ,スパイダープラス,1885
4193,東証JQS,ファブリカコミュニケーションズ,6690
4194,マザーズ,ビジョナル,6330
4196,東証JQS,ネオマーケティング,3275
4202,東証1部,ダイセル,863
4203,東証1部,住友ベークライト,4410
4204,東証1部,積水化学工業,1908
4205,東証1部,日本ゼオン,1625
4206,東証1部,アイカ工業,3940
4208,東証1部,宇部興産,2319
4212,東証1部,積水樹脂,2101
4215,東証1部,タキロンシーアイ,620
4216,東証1部,旭有機材,1324
4218,東証1部,ニチバン,1675
4220,東証1部,リケンテクノス,569
4221,東証1部,大倉工業,2305
4222,東証2部,児玉化学工業,480
4224,東証2部,ロンシール工業,1502
4228,東証1部,積水化成品工業,594
4229,東証1部,群栄化学工業,2472
4231,東証1部,タイガースポリマー,451
4234,東証JQS,サンエー化研,547
4235,東証JQS,ウルトラファブリックス・ホールディングス,1468
4237,東証JQS,フジプレアム,345
4238,東証1部,ミライアル,1339
4240,東証JQG,クラスターテクノロジー,401
4241,東証JQS,アテクト,944
4242,東証JQS,タカギセイコー,1905
4243,東証JQS,ニックス,840
4245,東証1部,ダイキアクシス,873
4246,東証1部,ダイキョーニシカワ,763
4247,名証2部,ポバール興業,1350
4248,東証1部,竹本容器,993
4249,東証1部,森六ホールディングス,2201
4251,東証1部,恵和,2404
4272,東証1部,日本化薬,1020
4274,東証JQS,細谷火工,1167
4275,東証1部,カーリットホールディングス,705
4282,東証1部,ＥＰＳホールディングス,1320
4284,東証1部,ソルクシーズ,1015
4286,東証1部,レッグス,2668
4287,東証JQS,ジャストプランニング,394
4288,東証JQS,アズジェント,1082
4290,東証1部,プレステージ・インターナショナル,711
4293,東証JQS,セプテーニ・ホールディングス,475
4295,東証1部,フェイス,872
4298,東証1部,プロトコーポレーション,1207
4299,東証1部,ハイマックス,1036
4301,東証1部,アミューズ,2221
4304,東証JQS,Ｅストアー,2097
4307,東証1部,野村総合研究所,3435
4308,マザーズ,Ｊストリーム,4435
4310,東証1部,ドリームインキュベータ,1042
4312,東証1部,サイバネットシステム,834
4316,東証JQG,ビーマップ,620
4317,東証JQS,レイ,327
4318,東証1部,クイック,1305
4319,東証1部,ＴＡＣ,246
4320,東証1部,ＣＥホールディングス,566
4323,東証1部,日本システム技術,1591
4324,東証1部,電通グループ,3540
4326,東証1部,インテージホールディングス,1452
4327,東証JQS,日本エス・エイチ・エル,3080
4331,東証1部,テイクアンドギヴ・ニーズ,816
4333,東証1部,東邦システムサイエンス,935
4334,東証JQS,ユークス,367
4335,東証JQS,アイ・ピー・エス,1026
4336,東証JQS,クリエアナブキ,569
4337,東証1部,ぴあ,2973
4341,東証2部,西菱電機,875
4342,東証2部,セコム上信越,3795
4343,東証1部,イオンファンタジー,2097
4344,東証1部,ソースネクスト,302
4345,東証1部,シーティーエス,928
4346,東証1部,ネクシィーズグループ,920
4347,東証JQS,ブロードメディア,85
4348,東証1部,インフォコム,2817
4349,名証2部,テスク,3505
4350,東証1部,メディカルシステムネットワーク,712
4351,東証JQS,山田債権回収管理総合事務所,769
4355,東証JQS,ロングライフホールディング,361
4356,東証JQS,応用技術,2750
4361,東証2部,川口化学工業,1090
4362,東証1部,日本精化,1365
4364,東証2部,マナック,844
4365,東証JQS,松本油脂製薬,10350
4366,東証2部,ダイトーケミックス,890
4367,東証2部,広栄化学,2738
4368,東証1部,扶桑化学工業,3960
4369,東証1部,トリケミカル研究所,3430
4380,マザーズ,Ｍマート,1007
4381,マザーズ,ビープラッツ,2341
4382,東証1部,ＨＥＲＯＺ,2647
4384,東証1部,ラクスル,4695
4385,マザーズ,メルカリ,5050
4386,東証2部,ＳＩＧ,711
4387,マザーズ,ＺＵＵ,1871
4388,マザーズ,エーアイ,1826
4389,マザーズ,プロパティデータバンク,1861
4390,東証1部,アイ・ピー・エス,2707
4391,マザーズ,ロジザード,2024
4392,東証1部,ＦＩＧ,278
4393,マザーズ,バンク・オブ・イノベーション,2455
4394,マザーズ,エクスモーション,1415
4395,マザーズ,アクリート,1354
4396,東証1部,システムサポート,1395
4397,マザーズ,チームスピリット,1244
4398,東証JQS,ブロードバンドセキュリティ,1876
4399,マザーズ,くふうカンパニー,700
4401,東証1部,ＡＤＥＫＡ,1895
4403,東証1部,日油,5560
4404,東証1部,ミヨシ油脂,1223
4406,東証1部,新日本理化,272
4409,東証2部,東邦化学工業,495
4410,東証1部,ハリマ化成グループ,915
4420,東証1部,イーソル,1189
4421,東証JQS,ディ・アイ・システム,943
4422,マザーズ,ＶＡＬＵＥＮＥＸ,1177
4423,東証1部,アルテリア・ネットワークス,1621
4424,マザーズ,Ａｍａｚｉａ,1383
4425,マザーズ,Ｋｕｄａｎ,4050
4427,東証1部,ＥｄｕＬａｂ,5940
4428,マザーズ,シノプス,1518
4429,マザーズ,リックソフト,2443
4430,東証1部,東海ソフト,1407
4431,マザーズ,スマレジ,5010
4432,東証1部,ウイングアーク１ｓｔ,2371
4433,東証1部,ヒト・コミュニケーションズ・ホールディングス,2082
4434,東証1部,サーバーワークス,4165
4435,マザーズ,カオナビ,3710
4436,マザーズ,ミンカブ・ジ・インフォノイド,3970
4437,マザーズ,ｇｏｏｄｄａｙｓホールディングス,1076
4438,マザーズ,Ｗｅｌｂｙ,1157
4439,東証1部,東名,1087
4440,東証1部,ヴィッツ,1994
4441,東証1部,トビラシステムズ,1351
4442,マザーズ,バルテス,1675
4443,東証1部,Ｓａｎｓａｎ,8500
4444,マザーズ,インフォネット,1315
4445,マザーズ,リビン・テクノロジーズ,2839
4446,東証1部,Ｌｉｎｋ−Ｕ,1089
4447,福岡Q,ピー・ビーシステムズ,819
4448,マザーズ,Ｃｈａｔｗｏｒｋ,1018
4449,東証1部,ギフティ,3645
4450,マザーズ,パワーソリューションズ,2067
4452,東証1部,花王,6860
4461,東証1部,第一工業製薬,3630
4462,東証1部,石原ケミカル,2217
4463,東証1部,日華化学,1215
4464,東証2部,ソフト９９コーポレーション,1300
4465,東証1部,ニイタカ,2686
4471,東証1部,三洋化成工業,5370
4475,マザーズ,ＨＥＮＮＧＥ,5400
4476,マザーズ,ＡＩ　ＣＲＯＳＳ,1809
4477,マザーズ,ＢＡＳＥ,1666
4478,マザーズ,フリー,7760
4479,マザーズ,マクアケ,6270
4480,マザーズ,メドレー,4295
4481,東証1部,ベース,5290
4482,マザーズ,ウィルズ,924
4483,マザーズ,ＪＭＤＣ,4660
4484,マザーズ,ランサーズ,613
4485,マザーズ,ＪＴＯＷＥＲ,6150
4486,マザーズ,ユナイトアンドグロウ,1398
4487,マザーズ,スペースマーケット,810
4488,マザーズ,ＡＩ　ｉｎｓｉｄｅ,16110
4490,マザーズ,ビザスク,3600
4491,東証JQS,コンピューターマネージメント,3090
4492,東証JQS,ゼネテック,1755
4493,マザーズ,サイバーセキュリティクラウド,2971
4494,東証2部,バリオセキュア,1512
4495,マザーズ,アイキューブドシステムズ,4905
4496,マザーズ,コマースＯｎｅホールディングス,2284
4497,マザーズ,ロコガイド,2882
4498,マザーズ,サイバートラスト,8300
4499,東証JQS,Ｓｐｅｅｅ,3705
4502,東証1部,武田薬品工業,3815
4503,東証1部,アステラス製薬,1691
4506,東証1部,大日本住友製薬,2101
4507,東証1部,塩野義製薬,5809
4512,東証1部,わかもと製薬,327
4516,東証1部,日本新薬,7750
4517,東証1部,ビオフェルミン製薬,3115
4519,東証1部,中外製薬,4186
4521,東証1部,科研製薬,4500
4523,東証1部,エーザイ,7014
4524,東証2部,森下仁丹,1976
4526,東証1部,理研ビタミン,1458
4527,東証1部,ロート製薬,2764
4528,東証1部,小野薬品工業,2536.5
4530,東証1部,久光製薬,6270
4531,東証1部,有機合成薬品工業,292
4534,東証1部,持田製薬,3730
4536,東証1部,参天製薬,1443
4538,東証1部,扶桑薬品工業,2332
4539,東証1部,日本ケミファ,2313
4540,東証1部,ツムラ,3510
4541,東証1部,日医工,906
4543,東証1部,テルモ,4124
4544,東証1部,Ｈ．Ｕ．グループホールディングス,3020
4547,東証1部,キッセイ薬品工業,2100
4548,東証1部,生化学工業,1146
4549,東証1部,栄研化学,2193
4550,東証1部,日水製薬,970
4551,東証1部,鳥居薬品,2525
4552,東証1部,ＪＣＲファーマ,3205
4553,東証1部,東和薬品,2370
4554,東証1部,富士製薬工業,1157
4556,東証JQS,カイノス,1017
4558,東証JQS,中京医薬品,321
4559,東証1部,ゼリア新薬工業,2032
4563,マザーズ,アンジェス,1001
4564,マザーズ,オンコセラピー・サイエンス,115
4565,マザーズ,そーせいグループ,1599
4568,東証1部,第一三共,2632
4569,東証1部,キョーリン製薬ホールディングス,1741
4570,東証JQG,免疫生物研究所,520
4571,マザーズ,ナノキャリア,303
4572,東証JQG,カルナバイオサイエンス,1245
4574,東証1部,大幸薬品,1086
4575,マザーズ,キャンバス,407
4576,東証JQG,デ・ウエスタン・セラピテクス研究所,282
4577,東証1部,ダイト,3415
4578,東証1部,大塚ホールディングス,4432
4579,東証JQG,ラクオリア創薬,1033
4581,東証1部,大正製薬ホールディングス,6310
4582,東証JQG,シンバイオ製薬,1587
4583,マザーズ,カイオム・バイオサイエンス,238
4584,マザーズ,ジーンテクノサイエンス,445
4586,マザーズ,メドレックス,221
4587,東証1部,ペプチドリーム,4920
4588,マザーズ,オンコリスバイオファーマ,1368
4591,マザーズ,リボミック,331
4592,マザーズ,サンバイオ,1566
4593,マザーズ,ヘリオス,1620
4594,マザーズ,ブライトパス・バイオ,184
4595,東証2部,ミズホメディー,2667
4596,マザーズ,窪田製薬ホールディングス,264
4597,マザーズ,ソレイジア・ファーマ,141
4598,マザーズ,Ｄｅｌｔａ−Ｆｌｙ　Ｐｈａｒｍａ,1462
4599,マザーズ,ステムリム,770
4611,東証1部,大日本塗料,851
4612,東証1部,日本ペイントホールディングス,1549
4613,東証1部,関西ペイント,2859
4615,東証1部,神東塗料,195
4616,東証2部,川上塗料,1268
4617,東証1部,中国塗料,888
4619,東証1部,日本特殊塗料,1039
4620,東証1部,藤倉化成,544
4621,東証2部,ロックペイント,750
4623,東証2部,アサヒペン,1874
4624,東証2部,イサム塗料,3355
4625,東証JQS,アトミクス,661
4626,東証1部,太陽ホールディングス,4890
4627,東証JQS,ナトコ,1512
4628,東証JQS,エスケー化研,39700
4629,東証JQS,大伸化学,1361
4631,東証1部,ＤＩＣ,2824
4633,東証1部,サカタインクス,1049
4634,東証1部,東洋インキＳＣホールディングス,2028
4635,東証2部,東京インキ,2210
4636,東証1部,Ｔ＆Ｋ　ＴＯＫＡ,814
4641,東証1部,アルプス技研,1967
4642,東証2部,オリジナル設計,943
4644,東証JQS,イマジニア,1107
4645,東証JQS,市進ホールディングス,366
4649,名証2部,大成,1136
4650,東証JQS,ＳＤエンターテイメント,399
4651,東証1部,サニックス,335
4653,東証1部,ダイオーズ,990
4657,東証JQS,環境管理センター,649
4658,東証1部,日本空調サービス,740
4659,東証JQS,エイジス,3890
4661,東証1部,オリエンタルランド,15050
4662,東証1部,フォーカスシステムズ,913
4664,東証JQS,ＲＳＣ,566
4665,東証1部,ダスキン,2633
4666,東証1部,パーク２４,2285
4667,東証JQS,アイサンテクノロジー,1802
4668,東証1部,明光ネットワークジャパン,589
4669,東証JQS,ニッパンレンタル,1044
4671,東証1部,ファルコホールディングス,1738
4673,東証JQS,川崎地質,2384
4674,東証1部,クレスコ,1699
4676,東証1部,フジ・メディア・ホールディングス,1233
4678,東証1部,秀英予備校,402
4679,東証1部,田谷,538
4680,東証1部,ラウンドワン,1367
4681,東証1部,リゾートトラスト,1744
4684,東証1部,オービック,21380
4685,東証JQS,菱友システムズ,1906
4686,東証1部,ジャストシステム,6150
4687,東証1部,ＴＤＣソフト,1121
4689,東証1部,Ｚホールディングス,473.9
4690,東証JQS,日本パレットプール,2919
4691,東証2部,ワシントンホテル,705
4694,東証1部,ビー・エム・エル,3705
4696,東証1部,ワタベウェディング,204
4699,東証JQS,ウチダエスコ,3100
4704,東証1部,トレンドマイクロ,5520
4705,東証JQS,クリップコーポレーション,852
4707,東証JQS,キタック,346
4708,東証1部,りらいあコミュニケーションズ,1237
4709,東証1部,ＩＤホールディングス,1347
4712,東証JQS,ＫｅｙＨｏｌｄｅｒ,1052
4714,東証1部,リソー教育,291
4716,東証1部,日本オラクル,10500
4718,東証1部,早稲田アカデミー,913
4719,東証1部,アルファシステムズ,3600
4720,東証JQS,城南進学研究社,400
4722,東証1部,フューチャー,2006
4725,東証1部,ＣＡＣ　Ｈｏｌｄｉｎｇｓ,1446
4726,東証1部,ＳＢテクノロジー,3185
4728,東証1部,トーセ,823
4732,東証1部,ユー・エス・エス,1867
4733,東証1部,オービックビジネスコンサルタント,6300
4734,東証JQS,ビーイング,896
4735,東証2部,京進,535
4736,東証JQS,日本ラッド,641
4739,東証1部,伊藤忠テクノソリューションズ,3545
4743,東証1部,アイティフォー,754
4745,東証1部,東京個別指導学院,596
4746,東証1部,東計電算,4610
4748,東証JQS,構造計画研究所,2932
4750,東証2部,ダイサン,635
4751,東証1部,サイバーエージェント,2160
4752,東証JQS,昭和システムエンジニアリング,720
4754,東証JQS,トスネット,913
4755,東証1部,楽天グループ,1302
4760,東証JQS,アルファ,1467
4761,東証2部,さくらケーシーエス,811
4762,東証1部,エックスネット,1011
4763,東証1部,クリーク・アンド・リバー社,1529
4764,東証JQG,Ｎｅｘｕｓ　Ｂａｎｋ,172
4765,東証1部,モーニングスター,434
4766,東証2部,ピーエイ,220
4767,東証1部,テー・オー・ダブリュー,350
4768,東証1部,大塚商会,6010
4769,東証JQS,インフォメーションクリエーティブ,852
4770,東証2部,図研エルミック,325
4771,東証JQS,エフアンドエム,1488
4772,東証JQG,ストリームメディアコーポレーション,214
4776,東証1部,サイボウズ,2454
4777,東証JQS,ガーラ,278
4781,東証2部,日本ハウズイング,3850
4783,東証JQS,日本コンピュータ・ダイナミクス,661
4784,東証JQS,ＧＭＯアドパートナーズ,522
4792,東証1部,山田コンサルティンググループ,1249
4800,東証JQS,オリコン,1146
4801,東証1部,セントラルスポーツ,2459
4809,東証1部,パラカ,1638
4812,東証1部,ＩＳＩＤ,3795
4813,東証1部,ＡＣＣＥＳＳ,902
4814,東証JQS,ネクストウェア,207
4816,東証JQS,東映アニメーション,11570
4819,東証1部,デジタルガレージ,4480
4820,東証1部,ＥＭシステムズ,866
4824,マザーズ,メディアシーク,577
4825,東証1部,ウェザーニューズ,5440
4826,東証1部,ＣＩＪ,841
4827,福岡Q,ビジネス・ワンホールディングス,463
4828,東証1部,ビジネスエンジニアリング,3280
4829,東証1部,日本エンタープライズ,223
4832,東証2部,ＪＦＥシステムズ,1724
4833,東証JQG,Ｓｕｃｃｅｓｓ　Ｈｏｌｄｅｒｓ,274
4834,札証,キャリアバンク,1014
4837,東証JQS,シダックス,310
4838,東証JQS,スペースシャワーネットワーク,454
4839,東証1部,ＷＯＷＯＷ,2441
4840,東証JQG,トライアイズ,343
4845,東証1部,スカラ,859
4847,東証1部,インテリジェント　ウェイブ,666
4848,東証1部,フルキャストホールディングス,1958
4849,東証1部,エン・ジャパン,3770
4875,東証JQS,メディシノバ,452
4880,マザーズ,セルソース,11360
4881,マザーズ,ファンペップ,437
4883,マザーズ,モダリス,1427
4884,マザーズ,クリングルファーマ,857
4885,東証JQS,室町ケミカル,1297
4886,東証1部,あすか製薬ホールディングス,1082
4887,東証1部,サワイグループホールディングス,4875
4888,マザーズ,ステラファーマ,504
4901,東証1部,富士フイルムホールディングス,7265
4902,東証1部,コニカミノルタ,568
4911,東証1部,資生堂,7649
4912,東証1部,ライオン,1999
4914,東証1部,高砂香料工業,2701
4917,東証1部,マンダム,1932
4918,東証JQS,アイビー化粧品,648
4919,東証1部,ミルボン,6150
4920,東証JQS,日本色材工業研究所,1209
4921,東証1部,ファンケル,3425
4922,東証1部,コーセー,16690
4923,東証1部,コタ,1509
4925,東証JQS,ハーバー研究所,4095
4926,東証1部,シーボン,1953
4927,東証1部,ポーラ・オルビスホールディングス,2861
4928,東証1部,ノエビアホールディングス,5160
4929,東証1部,アジュバンコスメジャパン,1031
4930,東証JQS,グラフィコ,3960
4931,東証1部,新日本製薬,2178
4933,マザーズ,Ｉ−ｎｅ,5660
4934,マザーズ,プレミアアンチエイジング,14180
4935,東証JQS,リベルタ,1156
4936,マザーズ,アクシージア,1807
4951,東証1部,エステー,1809
4952,東証2部,エス・ディー・エス　バイオテック,1425
4955,東証1部,アグロ　カネショウ,1456
4956,東証1部,コニシ,1611
4957,東証2部,ヤスハラケミカル,590
4958,東証1部,長谷川香料,2116
4960,東証2部,ケミプロ化成,253
4962,東証2部,互応化学工業,1054
4963,東証1部,星光ＰＭＣ,785
4966,東証2部,上村工業,7880
4967,東証1部,小林製薬,9550
4968,東証1部,荒川化学工業,1208
4970,東証JQS,東洋合成工業,11630
4971,東証1部,メック,2756
4972,東証JQS,綜研化学,1950
4973,東証1部,日本高純度化学,2714
4974,東証1部,タカラバイオ,2950
4975,東証1部,ＪＣＵ,3715
4976,東証JQS,東洋ドライルーブ,2925
4977,東証1部,新田ゼラチン,640
4978,東証JQG,リプロセル,417
4979,東証1部,ＯＡＴアグリオ,1482
4980,東証1部,デクセリアルズ,2083
4985,東証1部,アース製薬,6790
4987,東証2部,寺岡製作所,386
4990,東証2部,昭和化学工業,491
4992,東証1部,北興化学工業,918
4994,東証1部,大成ラミック,2713
4995,福証,サンケイ化学,1079
4996,東証1部,クミアイ化学工業,857
4997,東証1部,日本農薬,563
4998,東証2部,フマキラー,1405
4999,東証2部,セメダイン,747
5008,東証2部,東亜石油,2825
5009,東証1部,富士興産,1286
5010,東証2部,日本精蝋,190
5011,東証1部,ニチレキ,1320
5013,東証1部,ユシロ化学工業,1174
5015,東証1部,ビーピー・カストロール,1397
5017,東証1部,富士石油,221
5018,東証1部,ＭＯＲＥＳＣＯ,1087
5019,東証1部,出光興産,2588
5020,東証1部,ＥＮＥＯＳホールディングス,453.6
5021,東証1部,コスモエネルギーホールディングス,2353
5070,マザーズ,ドラフト,905
5071,東証2部,ヴィス,619
5074,東証1部,テスホールディングス,1857
5101,東証1部,横浜ゴム,2228
5103,東証2部,昭和ホールディングス,55
5104,東証2部,日東化工,427
5105,東証1部,ＴＯＹＯ　ＴＩＲＥ,2209
5108,東証1部,ブリヂストン,4773
5110,東証1部,住友ゴム工業,1440
5121,東証1部,藤倉コンポジット,504
5122,東証1部,オカモト,4120
5142,東証1部,アキレス,1417
5161,東証2部,西川ゴム工業,1450
5162,東証JQS,朝日ラバー,622
5184,東証2部,ニチリン,1741
5185,東証1部,フコク,910
5186,東証1部,ニッタ,2665
5187,東証1部,クリエートメディック,1013
5189,東証2部,櫻護謨,3845
5191,東証1部,住友理工,683
5192,東証1部,三ツ星ベルト,1780
5194,東証2部,相模ゴム工業,1075
5195,東証1部,バンドー化学,816
5199,東証JQS,不二ラテックス,2649
5201,東証1部,ＡＧＣ,4720
5202,東証1部,日本板硝子,608
5204,東証1部,石塚硝子,1898
5208,東証1部,有沢製作所,961
5210,東証1部,日本山村硝子,916
5212,東証JQS,不二硝子,1671
5214,東証1部,日本電気硝子,2634
5216,東証JQS,倉元製作所,159
5217,東証JQS,テクノクオーツ,29960
5218,東証1部,オハラ,1546
5232,東証1部,住友大阪セメント,3155
5233,東証1部,太平洋セメント,2534
5237,東証2部,ノザワ,718
5261,東証1部,リソルホールディングス,4000
5262,東証1部,日本ヒューム,730
5268,東証2部,旭コンクリート工業,764
5269,東証1部,日本コンクリート工業,365
5271,東証2部,トーヨーアサノ,1702
5273,東証1部,三谷セキサン,4230
5277,東証JQS,スパンクリートコーポレーション,314
5279,東証JQS,日本興業,759
5280,東証JQS,ヨシコン,1085
5282,東証2部,ジオスター,359
5283,東証JQS,高見澤,2473
5284,東証JQS,ヤマウホールディングス,671
5285,東証JQS,ヤマックス,542
5287,東証2部,イトーヨーギョー,1184
5288,東証1部,アジアパイルホールディングス,497
5290,東証2部,ベルテクスコーポレーション,2802
5301,東証1部,東海カーボン,1722
5302,東証1部,日本カーボン,4390
5304,東証2部,ＳＥＣカーボン,6830
5310,東証1部,東洋炭素,2386
5331,東証1部,ノリタケカンパニーリミテド,4195
5332,東証1部,ＴＯＴＯ,5610
5333,東証1部,日本ガイシ,1945
5334,東証1部,日本特殊陶業,1707
5337,東証1部,ダントーホールディングス,304
5341,東証2部,アサヒ衛陶,748
5342,名証2部,ジャニス工業,547
5343,名証2部,ニッコー,146
5344,東証1部,ＭＡＲＵＷＡ,11070
5351,東証1部,品川リフラクトリーズ,3630
5352,東証1部,黒崎播磨,4320
5355,東証2部,日本ルツボ,2917
5356,名証2部,美濃窯業,481
5357,東証1部,ヨータイ,1303
5358,東証1部,イソライト工業,630
5363,東証1部,ＴＹＫ,330
5367,東証1部,ニッカトー,718
5368,東証2部,日本インシュレーション,1014
5380,東証JQS,新東,2008
5381,東証JQS,Ｍｉｐｏｘ,548
5384,東証1部,フジミインコーポレーテッド,4535
5386,東証2部,鶴弥,409
5387,東証JQS,チヨダウーテ,427
5388,東証1部,クニミネ工業,1161
5391,東証1部,エーアンドエーマテリアル,1043
5393,東証1部,ニチアス,2794
5395,東証2部,理研コランダム,1840
5401,東証1部,日本製鉄,2090
5406,東証1部,神戸製鋼所,737
5408,東証1部,中山製鋼所,424
5410,東証1部,合同製鐵,1708
5411,東証1部,ジェイ　エフ　イー　ホールディングス,1480
5423,東証1部,東京製鐵,1128
5440,東証1部,共英製鋼,1489
5444,東証1部,大和工業,3425
5445,東証1部,東京鐵鋼,1611
5446,東証2部,北越メタル,1186
5449,東証1部,大阪製鐵,1213
5451,東証1部,淀川製鋼所,2390
5458,東証2部,高砂鐵工,705
5461,名証1部,中部鋼鈑,805
5463,東証1部,丸一鋼管,2742
5464,東証1部,モリ工業,2475
5471,東証1部,大同特殊鋼,5340
5476,東証1部,日本高周波鋼業,410
5480,東証1部,日本冶金工業,2209
5481,東証1部,山陽特殊製鋼,1598
5482,東証1部,愛知製鋼,3180
5484,東証JQS,東北特殊鋼,1618
5486,東証1部,日立金属,2122
5491,東証1部,日本金属,994
5541,東証1部,大平洋金属,1885
5542,東証JQS,新報国製鉄,1323
5563,東証1部,新日本電工,325
5602,東証1部,栗本鐵工所,1706
5603,東証1部,虹技,1221
5607,名証2部,中央可鍛工業,462
5609,東証2部,日本鋳造,844
5610,東証2部,大和重工,797
5612,東証1部,日本鋳鉄管,1383
5631,東証1部,日本製鋼所,2678
5632,東証1部,三菱製鋼,858
5644,東証2部,メタルアート,1871
5658,東証1部,日亜鋼業,308
5659,東証1部,日本精線,4280
5660,東証2部,神鋼鋼線工業,915
5690,東証2部,リバーホールディングス,1085
5695,東証JQS,パウダーテック,2778
5697,東証2部,サンユウ,448
5698,東証1部,エンビプロ・ホールディングス,1016
5699,東証JQS,イボキン,2730
5702,東証1部,大紀アルミニウム工業所,1142
5703,東証1部,日本軽金属ホールディングス,1893
5704,マザーズ,ＪＭＣ,782
5706,東証1部,三井金属,3205
5707,東証1部,東邦亜鉛,2020
5711,東証1部,三菱マテリアル,2256
5713,東証1部,住友金属鉱山,4645
5714,東証1部,ＤＯＷＡホールディングス,4470
5715,東証1部,古河機械金属,1266
5721,東証1部,エス・サイエンス,38
5724,東証JQS,アサカ理研,1588
5726,東証1部,大阪チタニウムテクノロジーズ,811
5727,東証1部,東邦チタニウム,926
5729,東証2部,日本精鉱,2658
5741,東証1部,ＵＡＣＪ,2379
5742,東証JQS,エヌアイシ・オートテック,940
5753,東証2部,日本伸銅,1372
5757,東証1部,ＣＫサンエツ,3845
5781,東証2部,東邦金属,1017
5801,東証1部,古河電気工業,2835
5802,東証1部,住友電気工業,1620
5803,東証1部,フジクラ,456
5805,東証1部,昭和電線ホールディングス,1646
5807,東証1部,東京特殊電線,2512
5809,東証1部,タツタ電線,565
5816,東証2部,オーナンバ,679
5817,東証2部,ＪＭＡＣＳ,600
5819,東証1部,カナレ電気,1791
5820,東証JQS,三ッ星,1328
5821,東証1部,平河ヒューテック,1290
5851,東証1部,リョービ,1581
5852,東証1部,アーレスティ,443
5856,東証2部,エルアイイーエイチ,74
5857,東証1部,アサヒホールディングス,2255
5900,東証JQS,ダイケン,736
5901,東証1部,東洋製罐グループホールディングス,1351
5902,東証1部,ホッカンホールディングス,1406
5903,東証JQS,ＳＨＩＮＰＯ,1318
5905,東証2部,日本製罐,1255
5906,東証JQS,エムケー精工,431
5907,東証2部,ＪＦＥコンテイナー,4965
5909,東証1部,コロナ,930
5911,東証1部,横河ブリッジホールディングス,2022
5915,東証1部,駒井ハルテック,1817
5918,東証2部,瀧上工業,5330
5921,東証2部,川岸工業,2949
5922,東証2部,那須電機鉄工,9400
5923,東証1部,高田機工,2720
5928,東証2部,アルメタックス,277
5929,東証1部,三和ホールディングス,1376
5930,東証1部,文化シヤッター,1091
5932,東証1部,三協立山,804
5933,東証1部,アルインコ,1019
5935,東証JQS,元旦ビューティ工業,3850
5936,東証1部,東洋シヤッター,629
5938,東証1部,ＬＩＸＩＬ,3010
5939,東証JQS,大谷工業,5140
5940,東証2部,不二サッシ,78
5941,東証2部,中西製作所,1100
5942,東証1部,日本フイルコン,508
5943,東証1部,ノーリツ,1908
5945,東証JQS,天龍製鋸,2764
5946,東証1部,長府製作所,2073
5947,東証1部,リンナイ,10870
5949,東証1部,ユニプレス,976
5950,東証2部,日本パワーファスニング,124
5951,東証1部,ダイニチ工業,806
5952,東証2部,アマテイ,164
5953,福証,昭和鉄工,1871
5955,東証2部,ヤマシナ,78
5956,東証2部,トーソー,555
5957,東証1部,日東精工,546
5958,東証1部,三洋工業,1863
5959,東証1部,岡部,683
5962,東証2部,浅香工業,1582
5964,東証2部,東洋刃物,972
5965,東証2部,フジマック,756
5966,東証2部,ＫＴＣ,2000
5967,東証2部,ＴＯＮＥ,3210
5969,東証2部,ロブテックス,1816
5970,東証1部,ジーテクト,1502
5971,東証JQS,共和工業所,4300
5973,東証2部,トーアミ,501
5974,東証2部,中国工業,815
5975,東証1部,東プレ,1662
5976,東証1部,ネツレン,555
5979,名証2部,カネソウ,4090
5981,東証1部,東京製綱,1226
5982,東証2部,マルゼン,2186
5983,東証JQS,イワブチ,5750
5984,東証2部,兼房,627
5985,東証1部,サンコール,456
5986,東証1部,モリテック　スチール,454
5987,東証JQS,オーネックス,1010
5988,東証1部,パイオラックス,1484
5989,東証1部,エイチワン,759
5990,東証JQS,スーパーツール,2240
5991,東証1部,ニッパツ,835
5992,東証1部,中央発條,1153
5993,名証2部,知多鋼業,684
5994,東証2部,ファインシンター,1673
5997,東証JQS,協立エアテック,594
5998,東証1部,アドバネクス,1393
5999,東証JQS,イハラサイエンス,1855
6005,東証1部,三浦工業,4955
6013,東証1部,タクマ,1920
6016,東証2部,ジャパンエンジンコーポレーション,1305
6018,東証2部,阪神内燃機工業,1848
6022,東証2部,赤阪鐵工所,1590
6023,東証2部,ダイハツディーゼル,471
6025,名古屋セ,日本ＰＣサービス,1874
6026,マザーズ,ＧＭＯ　ＴＥＣＨ,2208
6027,マザーズ,弁護士ドットコム,8510
6028,東証1部,テクノプロ・ホールディングス,8100
6029,東証1部,アトラグループ,337
6030,マザーズ,アドベンチャー,7130
6031,マザーズ,サイジニア,1732
6032,東証1部,インターワークス,390
6033,マザーズ,エクストリーム,1020
6034,マザーズ,ＭＲＴ,1311
6035,東証1部,アイ・アールジャパンホールディングス,13560
6036,東証1部,ＫｅｅＰｅｒ技研,2113
6037,東証1部,ファーストロジック,743
6038,マザーズ,イード,891
6039,マザーズ,日本動物高度医療センター,1920
6040,マザーズ,日本スキー場開発,652
6042,東証2部,ニッキ,1827
6044,東証1部,三機サービス,1080
6045,マザーズ,レントラックス,566
6046,マザーズ,リンクバル,306
6047,東証1部,Ｇｕｎｏｓｙ,939
6048,東証1部,デザインワン・ジャパン,232
6049,マザーズ,イトクロ,1060
6050,東証1部,イー・ガーディアン,2613
6054,東証1部,リブセンス,227
6055,東証1部,ジャパンマテリアル,1253
6058,東証1部,ベクトル,933
6059,東証1部,ウチヤマホールディングス,362
6060,東証JQS,こころネット,885
6061,東証JQS,ユニバーサル園芸社,1853
6062,東証1部,チャーム・ケア・コーポレーション,1201
6063,東証JQS,日本エマージェンシーアシスタンス,1620
6067,マザーズ,インパクトホールディングス,2305
6069,マザーズ,トレンダーズ,649
6070,東証1部,キャリアリンク,2270
6071,東証1部,ＩＢＪ,1010
6072,マザーズ,地盤ネットホールディングス,210
6073,東証1部,アサンテ,1818
6074,東証JQS,ジェイエスエス,520
6076,福証,アメイズ,880
6077,東証1部,Ｎ・フィールド,1197
6078,東証1部,バリューＨＲ,1620
6080,東証1部,Ｍ＆Ａキャピタルパートナーズ,4775
6081,マザーズ,アライドアーキテクツ,939
6082,東証1部,ライドオンエクスプレスホールディングス,1542
6083,東証1部,ＥＲＩホールディングス,616
6085,マザーズ,アーキテクツ・スタジオ・ジャパン,965
6086,マザーズ,シンメンテホールディングス,905
6087,東証1部,アビスト,2894
6088,東証1部,シグマクシス,2049
6089,東証1部,ウィルグループ,971
6090,マザーズ,ヒューマン・メタボローム・テクノロジーズ,841
6091,東証2部,ウエスコホールディングス,458
6092,マザーズ,エンバイオ・ホールディングス,612
6093,東証1部,エスクロー・エージェント・ジャパン,243
6094,マザーズ,フリークアウト・ホールディングス,1511
6095,東証1部,メドピア,5140
6096,東証1部,レアジョブ,1897
6098,東証1部,リクルートホールディングス,5367
6099,東証1部,エラン,1388
6101,東証1部,ツガミ,1600
6103,東証1部,オークマ,5650
6104,東証1部,芝浦機械,2526
6111,名証2部,旭精機工業,1950
6113,東証1部,アマダ,1119
6118,東証1部,アイダエンジニアリング,887
6121,東証1部,滝澤鉄工所,1125
6125,東証2部,岡本工作機械製作所,4240
6131,東証2部,浜井産業,1027
6134,東証1部,ＦＵＪＩ,2670
6135,東証1部,牧野フライス製作所,4250
6136,東証1部,ＯＳＧ,1804
6137,東証2部,小池酸素工業,2318
6138,東証1部,ダイジェット工業,1337
6140,東証1部,旭ダイヤモンド工業,517
6141,東証1部,ＤＭＧ森精機,1787
6142,名証2部,富士精工,1369
6143,東証1部,ソディック,1059
6144,東証2部,西部電機,1278
6145,東証JQS,ＮＩＴＴＯＫＵ,3490
6146,東証1部,ディスコ,31150
6147,東証JQS,ヤマザキ,454
6149,東証JQS,小田原エンジニアリング,2742
6150,東証JQS,タケダ機械,2497
6151,東証1部,日東工器,1903
6155,東証2部,高松機械工業,688
6156,東証JQS,エーワン精密,1338
6157,東証1部,日進工具,1443
6158,東証JQS,和井田製作所,1134
6159,東証JQS,ミクロン精密,1140
6161,東証2部,エスティック,4670
6164,東証JQS,太陽工機,1105
6165,東証1部,パンチ工業,584
6166,マザーズ,中村超硬,804
6167,東証1部,冨士ダイス,650
6171,東証1部,土木管理総合試験所,383
6172,マザーズ,メタップス,1166
6173,マザーズ,アクアライン,740
6175,東証1部,ネットマーケティング,517
6176,マザーズ,ブランジスタ,503
6177,マザーズ,ＡｐｐＢａｎｋ,185
6178,東証1部,日本郵政,926.9
6180,マザーズ,ＧＭＯメディア,2013
6181,マザーズ,タメニー,127
6182,マザーズ,ロゼッタ,2073
6183,東証1部,ベルシステム２４ホールディングス,1617
6184,東証1部,鎌倉新書,1213
6185,東証1部,ＳＭＮ,795
6186,東証1部,一蔵,412
6188,東証2部,富士ソフトサービスビューロ,386
6189,東証1部,グローバルキッズＣＯＭＰＡＮＹ,1012
6190,マザーズ,フェニックスバイオ,611
6191,東証1部,エアトリ,2554
6192,マザーズ,ハイアス・アンド・カンパニー,158
6193,マザーズ,バーチャレクス・ホールディングス,700
6194,東証1部,アトラエ,1687
6195,マザーズ,ホープ,1346
6196,東証1部,ストライク,4265
6197,東証1部,ソラスト,1326
6198,マザーズ,キャリア,609
6199,東証1部,セラク,2241
6200,東証1部,インソース,2426
6201,東証1部,豊田自動織機,9300
6203,東証1部,豊和工業,803
6205,東証1部,ＯＫＫ,391
6208,東証1部,石川製作所,1687
6210,東証1部,東洋機械金属,514
6217,東証1部,津田駒工業,900
6218,東証1部,エンシュウ,872
6222,東証1部,島精機製作所,2159
6229,東証2部,オーケーエム,1572
6230,東証2部,ＳＡＮＥＩ,3590
6231,東証2部,木村工機,2612
6232,マザーズ,自律制御システム研究所,2624
6233,東証JQS,極東産機,599
6235,東証1部,オプトラン,2717
6236,東証1部,ＮＣホールディングス,916
6237,東証1部,イワキ,970
6238,東証1部,フリュー,1101
6239,東証JQS,ナガオカ,916
6240,東証1部,ヤマシンフィルタ,799
6245,東証2部,ヒラノテクシード,2544
6246,東証2部,テクノスマート,1387
6247,東証1部,日阪製作所,821
6248,東証JQS,横田製作所,1113
6249,東証JQS,ゲームカード・ジョイコホールディングス,1239
6250,東証1部,やまびこ,1244
6254,東証2部,野村マイクロ・サイエンス,3545
6255,マザーズ,エヌ・ピー・シー,664
6257,東証JQS,藤商事,897
6258,東証1部,平田機工,6560
6262,東証1部,ペガサスミシン製造,503
6264,東証1部,マルマエ,1645
6265,東証JQS,妙徳,1600
6266,東証1部,タツモ,1609
6267,東証JQS,ゼネラルパッカー,2109
6268,東証1部,ナブテスコ,4970
6269,東証1部,三井海洋開発,2157
6271,東証2部,ニッセイ,1000
6272,東証1部,レオン自動機,1349
6273,東証1部,ＳＭＣ,62810
6276,東証JQS,シリウスビジョン,397
6277,東証1部,ホソカワミクロン,6060
6278,東証1部,ユニオンツール,3655
6279,東証2部,瑞光,1081
6281,東証JQS,前田製作所,577
6282,東証1部,オイレス工業,1579
6284,東証1部,日精エー・エス・ビー機械,5440
6286,東証JQS,靜甲,623
6287,東証1部,サトーホールディングス,2601
6289,東証1部,技研製作所,4590
6291,東証1部,日本エアーテック,1265
6292,東証1部,カワタ,892
6293,東証1部,日精樹脂工業,1211
6294,東証1部,オカダアイヨン,1214
6295,名証2部,富士変速機,325
6297,東証JQS,鉱研工業,498
6298,東証1部,ワイエイシイホールディングス,961
6299,東証2部,神鋼環境ソリューション,2640
6301,東証1部,コマツ,3191
6302,東証1部,住友重機械工業,3255
6303,東証2部,ササクラ,2405
6305,東証1部,日立建機,3555
6306,東証1部,日工,702
6307,東証2部,サンセイ,488
6309,東証1部,巴工業,2142
6310,東証1部,井関農機,1422
6312,東証JQS,フロイント産業,798
6315,東証1部,ＴＯＷＡ,1945
6316,東証1部,丸山製作所,1796
6317,東証1部,北川鉄工所,1643
6319,東証1部,シンニッタン,255
6322,東証2部,タクミナ,1137
6323,東証1部,ローツェ,9160
6324,東証JQS,ハーモニック・ドライブ・システムズ,6150
6325,東証1部,タカキタ,647
6326,東証1部,クボタ,2498
6327,東証JQS,北川精機,741
6328,東証1部,荏原実業,6310
6330,東証1部,東洋エンジニアリング,686
6331,東証1部,三菱化工機,2663
6332,東証1部,月島機械,1197
6333,東証1部,帝国電機製作所,1275
6334,東証2部,明治機械,287
6335,東証1部,東京機械製作所,585
6336,東証2部,石井表記,709
6337,東証JQS,テセック,2950
6338,東証2部,タカトリ,943
6339,東証1部,新東工業,742
6340,東証1部,澁谷工業,3465
6342,東証2部,太平製作所,1725
6343,東証2部,フリージア・マクロス,126
6345,東証1部,アイチコーポレーション,861
6346,東証2部,キクカワエンタープライズ,3850
6347,東証JQS,プラコー,1685
6349,東証1部,小森コーポレーション,796
6351,東証1部,鶴見製作所,1764
6355,東証1部,住友精密工業,2101
6356,東証1部,日本ギア工業,320
6357,東証2部,三精テクノロジーズ,812
6358,東証1部,酒井重工業,2036
6360,東証2部,東京自働機械製作所,1730
6361,東証1部,荏原,4890
6362,東証1部,石井鐵工所,2964
6363,東証1部,酉島製作所,901
6364,東証1部,北越工業,1142
6365,東証2部,電業社機械製作所,3680
6366,東証2部,千代田化工建設,400
6367,東証1部,ダイキン工業,20800
6368,東証1部,オルガノ,6380
6369,東証1部,トーヨーカネツ,2422
6370,東証1部,栗田工業,5090
6371,東証1部,椿本チエイン,3160
6373,東証1部,大同工業,1020
6376,東証1部,日機装,1190
6378,東証1部,木村化工機,854
6379,東証1部,レイズネクスト,1219
6380,東証2部,オリエンタルチエン工業,660
6381,東証1部,アネスト岩田,1023
6382,東証2部,トリニティ工業,822
6383,東証1部,ダイフク,9890
6384,東証JQS,昭和真空,1551
6387,東証1部,サムコ,3115
6390,東証1部,加藤製作所,971
6391,東証2部,加地テック,5330
6392,東証2部,ヤマダコーポレーション,2388
6393,東証1部,油研工業,1735
6395,東証1部,タダノ,1065
6396,東証2部,宇野澤組鐵工所,2629
6400,東証JQS,不二精機,657
6402,東証2部,兼松エンジニアリング,1315
6403,東証JQS,水道機工,2007
6405,東証JQS,鈴茂器工,1720
6406,東証1部,フジテック,2339
6407,東証1部,ＣＫＤ,2367
6408,東証JQS,小倉クラッチ,2821
6409,東証1部,キトー,1760
6411,東証JQS,中野冷機,5670
6412,東証1部,平和,1889
6413,東証1部,理想科学工業,1610
6414,東証JQS,川重冷熱工業,1465
6416,東証JQS,桂川電機,654
6417,東証1部,ＳＡＮＫＹＯ,2684
6418,東証1部,日本金銭機械,566
6419,東証1部,マースグループホールディングス,1562
6420,東証1部,フクシマガリレイ,4445
6424,東証JQS,高見沢サイバネティックス,910
6425,東証JQS,ユニバーサルエンターテインメント,2470
6428,東証1部,オーイズミ,398
6430,東証1部,ダイコク電機,919
6432,東証1部,竹内製作所,2845
6433,東証JQS,ヒーハイスト,528
6436,東証1部,アマノ,2898
6439,名証2部,中日本鋳工,512
6440,東証1部,ＪＵＫＩ,818
6444,東証1部,サンデンホールディングス,352
6445,東証1部,蛇の目ミシン工業,793
6448,東証1部,ブラザー工業,2276
6454,東証1部,マックス,1663
6455,東証1部,モリタホールディングス,1618
6457,東証1部,グローリー,2237
6458,東証1部,新晃工業,1980
6459,東証1部,大和冷機工業,1078
6460,東証1部,セガサミーホールディングス,1394
6461,東証1部,日本ピストンリング,1236
6462,東証1部,リケン,2533
6463,東証1部,ＴＰＲ,1539
6464,東証1部,ツバキ・ナカシマ,1665
6465,東証1部,ホシザキ,9560
6466,東証2部,ＴＶＥ,2146
6467,東証JQS,ニチダイ,476
6469,東証JQS,放電精密加工研究所,736
6470,東証1部,大豊工業,934
6471,東証1部,日本精工,1018
6472,東証1部,ＮＴＮ,316
6473,東証1部,ジェイテクト,1157
6474,東証1部,不二越,4225
6479,東証1部,ミネベアミツミ,2816
6480,東証1部,日本トムソン,622
6481,東証1部,ＴＨＫ,3410
6482,東証1部,ユーシン精機,850
6484,東証JQS,ＫＶＫ,2010
6485,東証1部,前澤給装工業,1097
6486,東証1部,イーグル工業,1132
6488,東証JQS,ヨシタケ,552
6489,東証1部,前澤工業,638
6490,東証1部,日本ピラー工業,1967
6492,東証2部,岡野バルブ製造,2625
6493,東証2部,日鍛バルブ,267
6494,東証JQS,ＮＦＫホールディングス,110
6495,東証2部,宮入バルブ製作所,146
6496,東証2部,中北製作所,2930
6497,東証JQS,ハマイ,1045
6498,東証1部,キッツ,725
6501,東証1部,日立製作所,5505
6502,東証1部,東芝,4545
6503,東証1部,三菱電機,1677
6504,東証1部,富士電機,5030
6505,東証1部,東洋電機製造,1240
6506,東証1部,安川電機,4875
6507,東証1部,シンフォニアテクノロジー,1290
6508,東証1部,明電舎,2333
6513,東証1部,オリジン,1330
6516,東証1部,山洋電気,7300
6517,東証1部,デンヨー,2002
6518,東証JQS,三相電機,1000
6521,マザーズ,オキサイド,7800
6531,マザーズ,リファインバース,1254
6532,東証1部,ベイカレント・コンサルティング,33400
6533,東証1部,Ｏｒｃｈｅｓｔｒａ　Ｈｏｌｄｉｎｇｓ,3080
6535,東証1部,アイモバイル,1320
6537,マザーズ,ＷＡＳＨハウス,630
6538,東証1部,キャリアインデックス,584
6539,東証1部,ＭＳ−Ｊａｐａｎ,1049
6540,東証1部,船場,835
6541,東証1部,グレイステクノロジー,1960
6542,東証JQS,ＦＣホールディングス,948
6543,東証JQS,日宣,1238
6544,東証1部,ジャパンエレベーターサービスホールディングス,2213
6545,マザーズ,インターネットインフィニティー,563
6546,東証1部,フルテック,1367
6547,東証1部,グリーンズ,543
6548,マザーズ,旅工房,1094
6549,東証JQS,ディーエムソリューションズ,1511
6550,マザーズ,Ｆｒｉｎｇｅ８１,440
6551,東証1部,ツナググループ・ホールディングス,301
6552,東証1部,ＧａｍｅＷｉｔｈ,670
6553,東証1部,ソウルドアウト,1634
6554,マザーズ,エスユーエス,453
6555,東証1部,ＭＳ＆Ｃｏｎｓｕｌｔｉｎｇ,582
6556,東証1部,ウェルビー,1497
6557,マザーズ,ｇｌｏｂａｌ　ｂｒｉｄｇｅ　ＨＯＬＤＩＮＧＳ,1020
6558,マザーズ,クックビズ,1088
6560,東証1部,エル・ティー・エス,3620
6561,マザーズ,ＨＡＮＡＴＯＵＲ　ＪＡＰＡＮ,930
6562,マザーズ,ジーニー,1188
6563,マザーズ,みらいワークス,1063
6564,東証1部,ミダック,5680
6565,東証JQS,ＡＢホテル,1210
6566,東証2部,要興業,935
6567,マザーズ,ＳＥＲＩＯホールディングス,961
6568,マザーズ,神戸天然物化学,1413
6569,東証1部,日総工産,740
6570,東証2部,共和コーポレーション,487
6571,東証1部,キュービーネットホールディングス,1798
6572,東証1部,ＲＰＡホールディングス,706
6573,マザーズ,アジャイルメディア・ネットワーク,513
6574,マザーズ,コンヴァノ,655
6575,マザーズ,ヒューマン・アソシエイツ・ホールディングス,705
6577,マザーズ,ベストワンドットコム,2783
6578,東証2部,エヌリンクス,355
6579,マザーズ,ログリー,1365
6580,マザーズ,ライトアップ,2849
6584,東証1部,三桜工業,1097
6586,東証1部,マキタ,4885
6588,東証1部,東芝テック,4295
6590,東証1部,芝浦メカトロニクス,6090
6592,東証1部,マブチモーター,4405
6594,東証1部,日本電産,12280
6597,マザーズ,ＨＰＣシステムズ,4015
6599,東証JQS,エブレン,3365
6612,マザーズ,バルミューダ,6540
6613,マザーズ,ＱＤレーザ,1609
6614,東証JQS,シキノハイテック,1930
6615,東証1部,ユー・エム・シー・エレクトロニクス,749
6616,東証1部,トレックス・セミコンダクター,2015
6617,東証1部,東光高岳,1400
6618,マザーズ,大泉製作所,846
6619,東証1部,ダブル・スコープ,689
6620,東証1部,宮越ホールディングス,1015
6622,東証1部,ダイヘン,4735
6623,名証1部,愛知電機,2765
6625,東証JQS,ＪＡＬＣＯホールディングス,183
6626,東証JQS,ＳＥＭＩＴＥＣ,4335
6627,東証2部,テラプローブ,1533
6628,東証JQS,オンキヨーホームエンターテイメント,6
6629,東証JQS,テクノホライゾン,1661
6630,東証1部,ヤーマン,1516
6632,東証1部,ＪＶＣケンウッド,221
6633,東証2部,Ｃ＆Ｇシステムズ,367
6634,東証JQS,ネクスグループ,175
6635,東証JQS,大日光・エンジニアリング,626
6637,東証JQS,寺崎電気産業,1212
6638,東証1部,ミマキエンジニアリング,665
6639,東証2部,コンテック,1657
6640,東証1部,Ｉ−ＰＥＸ,2270
6641,東証1部,日新電機,1266
6643,東証2部,戸上電機製作所,1843
6644,東証1部,大崎電気工業,600
6645,東証1部,オムロン,8320
6647,東証2部,森尾電機,1740
6648,東証JQS,かわでん,2613
6651,東証1部,日東工業,1877
6652,東証1部,ＩＤＥＣ,1977
6653,東証1部,正興電機製作所,1695
6654,東証1部,不二電機工業,1278
6655,名証2部,東洋電機,802
6656,東証2部,インスペック,2018
6658,東証JQS,シライ電子工業,266
6659,東証JQS,メディアリンクス,490
6662,東証JQS,ユビテック,285
6663,東証JQS,太洋工業,476
6664,東証JQS,オプトエレクトロニクス,568
6666,東証JQS,リバーエレテック,1125
6668,東証2部,アドテック　プラズマ　テクノロジー,1708
6670,東証2部,ＭＣＪ,1004
6674,東証1部,ジーエス・ユアサ　コーポレーション,3000
6675,東証1部,サクサホールディングス,1413
6676,東証1部,メルコホールディングス,4705
6677,東証JQS,エスケーエレクトロニクス,1045
6678,東証1部,テクノメディカ,1620
6694,東証JQS,ズーム,2902
6696,マザーズ,ピースリー,732
6697,マザーズ,テックポイント,2040
6698,東証2部,ヴィスコ・テクノロジーズ,1053
6699,東証1部,ダイヤモンドエレクトリックホールディングス,2778
6701,東証1部,ＮＥＣ,5170
6702,東証1部,富士通,18090
6703,東証1部,ＯＫＩ,999
6704,東証1部,岩崎通信機,940
6706,東証1部,電気興業,2286
6707,東証1部,サンケン電気,4885
6709,東証2部,明星電気,1026
6715,東証1部,ナカヨ,1468
6718,東証1部,アイホン,2174
6721,東証2部,ウインテスト,259
6723,東証1部,ルネサスエレクトロニクス,1154
6724,東証1部,セイコーエプソン,1880
6727,東証1部,ワコム,728
6728,東証1部,アルバック,4685
6730,東証1部,アクセル,948
6731,東証2部,ピクセラ,24
6734,東証JQS,ニューテック,1626
6736,東証JQS,サン電子,3400
6737,東証1部,ＥＩＺＯ,4465
6740,東証1部,ジャパンディスプレイ,40
6741,東証1部,日本信号,947
6742,東証1部,京三製作所,435
6743,東証2部,大同信号,677
6744,東証1部,能美防災,2040
6745,東証1部,ホーチキ,1202
6748,東証1部,星和電機,558
6750,東証1部,エレコム,2125
6752,東証1部,パナソニック,1176.5
6753,東証1部,シャープ,1908
6754,東証1部,アンリツ,2021
6755,東証1部,富士通ゼネラル,2730
6757,東証JQS,ＯＳＧコーポレーション,1647
6758,東証1部,ソニーグループ,10525
6762,東証1部,ＴＤＫ,13680
6763,東証1部,帝国通信工業,1175
6768,東証1部,タムラ製作所,547
6769,東証JQS,ザインエレクトロニクス,855
6770,東証1部,アルプスアルパイン,1164
6771,東証1部,池上通信機,831
6772,東証2部,東京コスモス電機,895
6775,東証2部,ＴＢグループ,232
6776,東証2部,天昇電気工業,508
6777,東証JQS,ｓａｎｔｅｃ,1624
6778,東証2部,アルチザネットワークス,1789
6779,東証1部,日本電波工業,744
6785,東証1部,鈴木,1030
6786,東証2部,ＲＶＨ,77
6787,東証JQS,メイコー,2810
6788,東証1部,日本トリム,3630
6789,東証1部,ローランド　ディー．ジー．,2111
6794,東証1部,フォスター電機,1054
6797,名証2部,名古屋電機工業,1900
6798,東証1部,ＳＭＫ,2664
6800,東証1部,ヨコオ,2285
6803,東証1部,ティアック,116
6804,東証1部,ホシデン,1014
6806,東証1部,ヒロセ電機,15360
6807,東証1部,日本航空電子工業,1929
6809,東証1部,ＴＯＡ,906
6810,東証1部,マクセルホールディングス,1268
6814,東証1部,古野電気,1065
6815,東証1部,ユニデンホールディングス,2367
6817,東証1部,スミダコーポレーション,994
6819,東証JQS,伊豆シャボテンリゾート,104
6820,東証1部,アイコム,2472
6822,東証JQS,大井電気,2560
6823,東証1部,リオン,2568
6824,東証JQS,新コスモス電機,2091
6826,東証1部,本多通信工業,479
6832,東証2部,アオイ電子,2380
6834,東証JQS,精工技研,2387
6835,東証2部,アライドテレシスホールディングス,130
6836,東証2部,ぷらっとホーム,1327
6837,東証JQS,京写,309
6838,東証JQS,多摩川ホールディングス,1490
6839,東証1部,船井電機,915
6840,東証JQS,ＡＫＩＢＡホールディングス,5290
6841,東証1部,横河電機,1723
6844,東証1部,新電元工業,3490
6845,東証1部,アズビル,4295
6846,名証2部,中央製作所,1100
6848,東証1部,東亜ディーケーケー,830
6849,東証1部,日本光電,3240
6850,東証1部,チノー,1430
6853,東証1部,共和電業,386
6855,東証1部,日本電子材料,2067
6856,東証1部,堀場製作所,6910
6857,東証1部,アドバンテスト,9450
6858,東証1部,小野測器,546
6859,東証1部,エスペック,1943
6861,東証1部,キーエンス,53610
6862,東証JQS,ミナトホールディングス,445
6863,東証JQS,ニレコ,936
6864,東証JQS,エヌエフホールディングス,1745
6866,東証1部,ＨＩＯＫＩ,5350
6867,東証JQS,リーダー電子,648
6869,東証1部,シスメックス,10840
6870,東証2部,日本フェンオール,1688
6871,東証1部,日本マイクロニクス,1525
6874,東証JQS,協立電機,2078
6875,東証1部,メガチップス,3375
6877,東証1部,ＯＢＡＲＡ　ＧＲＯＵＰ,3645
6879,東証1部,ＩＭＡＧＩＣＡ　ＧＲＯＵＰ,493
6881,東証2部,キョウデン,331
6882,東証2部,三社電機製作所,912
6888,東証JQS,アクモス,423
6890,東証JQS,フェローテックホールディングス,2227
6894,東証2部,パルステック工業,1653
6897,東証2部,ツインバード工業,1150
6898,東証JQS,トミタ電機,1294
6899,東証2部,ＡＳＴＩ,2740
6901,東証1部,澤藤電機,2228
6902,東証1部,デンソー,7366
6904,東証1部,原田工業,900
6905,東証1部,コーセル,1045
6907,東証JQS,ジオマテック,815
6908,東証1部,イリソ電子工業,4730
6912,東証JQS,菊水電子工業,927
6914,東証1部,オプテックスグループ,1912
6915,東証1部,千代田インテグレ,1802
6916,東証1部,アイ・オー・データ機器,1085
6918,東証JQS,アバールデータ,3385
6919,東証JQS,ケル,1037
6920,東証1部,レーザーテック,17740
6923,東証1部,スタンレー電気,3170
6924,東証1部,岩崎電気,1607
6925,東証1部,ウシオ電機,1529
6926,東証1部,岡谷電機産業,360
6927,東証1部,ヘリオス　テクノ　ホールディング,336
6928,東証1部,エノモト,1782
6929,東証1部,日本セラミック,2767
6930,東証JQS,日本アンテナ,906
6932,東証1部,遠藤照明,757
6937,東証1部,古河電池,1598
6938,東証1部,双信電機,533
6941,東証1部,山一電機,1532
6942,東証JQS,ソフィアホールディングス,1276
6943,東証JQS,ＮＫＫスイッチズ,3890
6946,東証2部,日本アビオニクス,2855
6947,東証1部,図研,3130
6951,東証1部,日本電子,5190
6952,東証1部,カシオ計算機,1767
6954,東証1部,ファナック,25090
6955,東証2部,ＦＤＫ,1301
6957,東証JQS,芝浦電子,4430
6958,東証1部,日本ＣＭＫ,473
6960,東証JQS,フクダ電子,8600
6961,東証1部,エンプラス,4190
6962,東証1部,大真空,2705
6963,東証1部,ローム,10060
6964,東証2部,サンコー,505
6965,東証1部,浜松ホトニクス,6580
6966,東証1部,三井ハイテック,4110
6967,東証1部,新光電気工業,3285
6969,東証2部,松尾電機,864
6971,東証1部,京セラ,6671
6973,東証1部,協栄産業,1391
6976,東証1部,太陽誘電,4895
6977,東証2部,日本抵抗器製作所,1075
6981,東証1部,村田製作所,8168
6982,東証2部,リード,780
6986,東証1部,双葉電子工業,838
6988,東証1部,日東電工,8370
6989,東証1部,北陸電気工業,1047
6993,東証2部,大黒屋ホールディングス,41
6994,東証2部,指月電機製作所,558
6995,東証1部,東海理化,1768
6996,東証1部,ニチコン,1082
6997,東証1部,日本ケミコン,2099
6998,東証2部,日本タングステン,2019
6999,東証1部,ＫＯＡ,1544
7003,東証1部,三井Ｅ＆Ｓホールディングス,484
7004,東証1部,日立造船,729
7011,東証1部,三菱重工業,3338
7012,東証1部,川崎重工業,2430
7013,東証1部,ＩＨＩ,2461
7014,東証1部,名村造船所,169
7018,東証2部,内海造船,1025
7021,東証2部,ニッチツ,1454
7022,東証1部,サノヤスホールディングス,151
7030,東証1部,スプリックス,1224
7031,マザーズ,インバウンドテック,3870
7033,東証1部,マネジメントソリューションズ,2008
7034,東証1部,プロレド・パートナーズ,3095
7035,東証1部,ａｎｄ　ｆａｃｔｏｒｙ,690
7036,マザーズ,イーエムネットジャパン,2477
7037,東証1部,テノ．ホールディングス,1234
7038,東証1部,フロンティア・マネジメント,1400
7039,マザーズ,ブリッジインターナショナル,2170
7040,東証JQS,サン・ライフホールディング,782
7041,マザーズ,ＣＲＧホールディングス,501
7042,東証JQS,アクセスグループ・ホールディングス,823
7043,マザーズ,アルー,1144
7044,東証1部,ピアラ,1182
7045,東証JQS,ツクイスタッフ,1584
7046,マザーズ,テクノスデータサイエンス・エンジニアリング,1877
7047,マザーズ,ポート,799
7048,マザーズ,ベルトラ,685
7049,マザーズ,識学,1670
7050,マザーズ,フロンティアインターナショナル,1745
7057,東証JQS,エヌ・シー・エヌ,1309
7058,東証JQS,共栄セキュリティーサービス,2952
7059,東証1部,コプロ・ホールディングス,1301
7060,東証1部,ギークス,2011
7061,マザーズ,日本ホスピスホールディングス,2183
7062,マザーズ,フレアス,947
7063,マザーズ,Ｂｉｒｄｍａｎ,1519
7064,マザーズ,ハウテレビジョン,1790
7065,東証2部,ユーピーアール,2496
7066,マザーズ,ピアズ,1821
7067,マザーズ,ブランディングテクノロジー,1179
7068,マザーズ,フィードフォース,1007
7069,マザーズ,サイバー・バズ,2277
7070,東証JQG,ＳＩホールディングス,610
7071,東証JQS,アンビスホールディングス,6770
7072,マザーズ,インティメート・マージャー,1112
7073,マザーズ,ジェイック,2617
7074,マザーズ,トゥエンティーフォーセブン,1053
7076,名証2部,名南Ｍ＆Ａ,1258
7077,マザーズ,ＡＬｉＮＫインターネット,2077
7078,マザーズ,ＩＮＣＬＵＳＩＶＥ,1576
7079,マザーズ,ＷＤＢココ,3400
7080,マザーズ,スポーツフィールド,2027
7081,東証JQS,コーユーレンティア,1414
7082,マザーズ,ジモティー,2134
7083,マザーズ,ＡＨＣグループ,1350
7084,マザーズ,Ｋｉｄｓ　Ｓｍｉｌｅ　Ｈｏｌｄｉｎｇｓ,1671
7085,東証1部,カーブスホールディングス,879
7086,マザーズ,きずなホールディングス,1585
7087,東証2部,ウイルテック,1033
7088,東証1部,フォーラムエンジニアリング,947
7089,マザーズ,フォースタートアップス,1452
7090,マザーズ,リグア,3600
7091,マザーズ,リビングプラットフォーム,2800
7092,マザーズ,Ｆａｓｔ　Ｆｉｔｎｅｓｓ　Ｊａｐａｎ,5830
7093,マザーズ,アディッシュ,1467
7094,マザーズ,ＮｅｘＴｏｎｅ,3070
7095,マザーズ,Ｍａｃｂｅｅ　Ｐｌａｎｅｔ,6280
7097,マザーズ,さくらさくプラス,2540
7102,東証1部,日本車輌製造,2165
7105,東証1部,三菱ロジスネクスト,1011
7122,東証1部,近畿車輛,1240
7148,東証1部,ＦＰＧ,733
7150,東証1部,島根銀行,651
7157,マザーズ,ライフネット生命保険,1186
7161,東証1部,じもとホールディングス,670
7162,東証JQS,アストマックス,289
7164,東証1部,全国保証,4685
7167,東証1部,めぶきフィナンシャルグループ,246
7169,東証JQS,ＮＦＣホールディングス,1913
7172,東証1部,ジャパンインベストメントアドバイザー,1498
7173,東証1部,東京きらぼしフィナンシャルグループ,1394
7175,東証JQS,今村証券,1896
7177,東証JQS,ＧＭＯフィナンシャルホールディングス,826
7180,東証1部,九州フィナンシャルグループ,419
7181,東証1部,かんぽ生命保険,2302
7182,東証1部,ゆうちょ銀行,954
7183,東証1部,あんしん保証,362
7184,東証1部,富山第一銀行,277
7185,東証JQS,ヒロセ通商,2174
7186,東証1部,コンコルディア・フィナンシャルグループ,417
7187,東証1部,ジェイリース,1189
7189,東証1部,西日本フィナンシャルホールディングス,728
7190,東証1部,マーキュリアインベストメント,776
7191,東証1部,イントラスト,700
7192,東証1部,日本モーゲージサービス,1000
7196,東証1部,Ｃａｓａ,956
7198,東証1部,アルヒ,1712
7199,東証1部,プレミアグループ,2750
7201,東証1部,日産自動車,528.1
7202,東証1部,いすゞ自動車,1427
7203,東証1部,トヨタ自動車,8743
7205,東証1部,日野自動車,1002
7208,東証2部,カネミツ,756
7211,東証1部,三菱自動車,293
7212,東証1部,エフテック,694
7213,東証1部,レシップホールディングス,561
7214,東証1部,ＧＭＢ,964
7215,東証1部,ファルテック,784
7217,東証JQS,テイン,1390
7218,東証JQS,田中精密工業,607
7219,東証JQS,エッチ・ケー・エス,1951
7220,東証1部,武蔵精密工業,2113
7222,東証1部,日産車体,705
7224,東証1部,新明和工業,974
7226,東証1部,極東開発工業,1686
7227,名証2部,アスカ,889
7228,東証JQS,デイトナ,2963
7229,東証JQS,ユタカ技研,1948
7231,東証1部,トピー工業,1331
7235,東証2部,東京ラヂエーター製造,654
7236,東証1部,ティラド,2622
7238,東証1部,曙ブレーキ工業,196
7239,東証1部,タチエス,1084
7240,東証1部,ＮＯＫ,1377
7241,東証1部,フタバ産業,525
7242,東証1部,ＫＹＢ,3695
7244,東証1部,市光工業,732
7245,東証1部,大同メタル工業,588
7246,東証1部,プレス工業,326
7247,東証1部,ミクニ,294
7250,東証1部,太平洋工業,1211
7254,東証2部,ユニバンス,340
7255,東証JQS,桜井製作所,537
7256,東証1部,河西工業,399
7259,東証1部,アイシン,4425
7261,東証1部,マツダ,884
7264,東証JQS,ムロコーポレーション,1245
7265,東証JQS,エイケン工業,2786
7266,東証1部,今仙電機製作所,712
7267,東証1部,ホンダ,3309
7268,東証JQS,タツミ,345
7269,東証1部,スズキ,4643
7270,東証1部,ＳＵＢＡＲＵ,2080
7271,東証1部,安永,1134
7272,東証1部,ヤマハ発動機,3115
7273,東証2部,イクヨ,1226
7276,東証1部,小糸製作所,6830
7277,東証1部,ＴＢＫ,419
7278,東証1部,エクセディ,1585
7279,東証2部,ハイレックスコーポレーション,1682
7280,東証1部,ミツバ,810
7282,東証1部,豊田合成,2741
7283,東証1部,愛三工業,797
7284,東証1部,盟和産業,954
7287,東証2部,日本精機,1135
7291,東証1部,日本プラスト,687
7292,東証2部,村上開明堂,3145
7294,東証1部,ヨロズ,1200
7296,東証1部,エフ・シー・シー,1734
7297,東証JQS,カーメイト,1010
7298,東証JQS,八千代工業,600
7299,東証2部,フジオーゼックス,3475
7305,東証1部,新家工業,1650
7309,東証1部,シマノ,23985
7313,東証1部,テイ・エス　テック,1501
7314,東証JQS,小田原機器,554
7315,東証2部,ＩＪＴＴ,663
7317,マザーズ,松屋アールアンドディ,4730
7320,マザーズ,日本リビング保証,2375
7322,東証1部,三十三フィナンシャルグループ,1314
7325,マザーズ,アイリックコーポレーション,1218
7326,マザーズ,ＳＢＩインシュアランスグループ,1365
7327,東証1部,第四北越フィナンシャルグループ,2450
7337,東証1部,ひろぎんホールディングス,604
7338,東証JQS,インヴァスト,720
7339,マザーズ,アイペットホールディングス,2155
7342,マザーズ,ウェルスナビ,3775
7343,マザーズ,ブロードマインド,1378
7351,マザーズ,グッドパッチ,2745
7352,マザーズ,Ｂｒａｎｄｉｎｇ　Ｅｎｇｉｎｅｅｒ,1545
7353,マザーズ,ＫＩＹＯラーニング,7200
7354,東証1部,ダイレクトマーケティングミックス,3145
7356,マザーズ,Ｒｅｔｔｙ,1258
7357,東証JQS,ジオコード,1357
7358,東証1部,ポピンズホールディングス,4145
7359,マザーズ,東京通信,1587
7360,マザーズ,オンデック,2898
7361,マザーズ,ヒューマンクリエイションホールディングス,2752
7362,マザーズ,Ｔ．Ｓ．Ｉ,2213
7363,マザーズ,ベビーカレンダー,7660
7365,マザーズ,シック・ホールディングス,594
7366,東証1部,ＬＩＴＡＬＩＣＯ,5720
7367,東証JQS,セルム,956
7368,東証2部,表示灯,2728
7399,東証JQS,ナンシン,595
7408,東証1部,ジャムコ,851
7412,東証2部,アトム,767
7413,東証JQS,創健社,2007
7414,東証1部,小野建,1323
7416,東証1部,はるやまホールディングス,634
7417,東証1部,南陽,1867
7419,東証1部,ノジマ,3155
7420,東証1部,佐鳥電機,804
7421,東証1部,カッパ・クリエイト,1467
7422,東証JQS,東邦レマック,3195
7425,東証JQS,初穂商事,1748
7426,東証JQS,山大,941
7427,東証1部,エコートレーディング,605
7433,東証1部,伯東,1576
7434,東証JQS,オータケ,1736
7435,東証JQS,ナ・デックス,729
7438,東証1部,コンドーテック,1034
7441,福証,Ｍｉｓｕｍｉ,1815
7442,東証1部,中山福,463
7443,東証JQS,横浜魚類,542
7444,東証2部,ハリマ共和物産,1790
7445,東証1部,ライトオン,680
7446,東証JQS,東北化学薬品,3585
7447,東証1部,ナガイレーベン,2609
7450,東証JQS,サンデー,1514
7451,東証1部,三菱食品,2936
7453,東証1部,良品計画,2178
7455,東証1部,三城ホールディングス,270
7456,東証1部,松田産業,2180
7458,東証1部,第一興商,4310
7459,東証1部,メディパルホールディングス,2082
7460,東証2部,ヤギ,1450
7461,東証JQS,キムラ,517
7462,東証JQS,ダイヤ通商,2400
7463,東証1部,アドヴァン,960
7464,東証JQS,セフテック,8530
7466,東証1部,ＳＰＫ,1334
7467,東証1部,萩原電気ホールディングス,2436
7472,東証JQS,鳥羽洋行,2546
7475,東証1部,アルビス,2314
7476,東証1部,アズワン,12940
7477,東証JQS,ムラキ,905
7480,東証1部,スズデン,1400
7481,東証1部,尾家産業,1223
7482,東証1部,シモジマ,1121
7483,東証1部,ドウシシャ,1738
7485,名証1部,岡谷鋼機,9160
7486,東証JQS,サンリン,735
7487,東証1部,小津産業,2115
7488,名証2部,ヤガミ,2200
7490,東証2部,日新商事,902
7494,東証1部,コナカ,340
7500,東証JQS,西川計測,4705
7501,東証JQS,ティムコ,726
7502,東証JQS,プラザクリエイト本社,411
7504,東証1部,高速,1450
7505,東証2部,扶桑電通,2299
7506,東証1部,ハウス　オブ　ローゼ,1642
7508,東証1部,Ｇ−７ホールディングス,3150
7509,東証JQS,アイエーグループ,3780
7510,東証1部,たけびし,1467
7512,東証1部,イオン北海道,1052
7513,東証1部,コジマ,836
7514,東証1部,ヒマラヤ,998
7515,東証2部,マルヨシセンター,3110
7516,東証1部,コーナン商事,3040
7518,東証1部,ネットワンシステムズ,3510
7519,東証JQS,五洋インテックス,133
7520,東証1部,エコス,1873
7521,東証JQS,ムサシ,1926
7522,東証1部,ワタミ,907
7523,東証JQS,アールビバン,608
7524,東証1部,マルシェ,483
7525,東証1部,リックス,1530
7527,東証1部,システムソフト,163
7531,東証JQS,清和中央ホールディングス,2750
7532,東証1部,パン・パシフィック・インターナショナルホールディングス,2274
7533,福証,グリーンクロス,954
7537,東証1部,丸文,612
7538,東証2部,大水,236
7539,東証JQS,アイナボホールディングス,1099
7544,東証2部,スリーエフ,303
7545,東証1部,西松屋チェーン,1662
7550,東証1部,ゼンショーホールディングス,2775
7551,東証JQS,ウェッズ,529
7552,東証1部,ハピネット,1468
7554,東証1部,幸楽苑ホールディングス,1575
7555,東証JQS,大田花き,747
7559,東証JQS,ジーエフシー,1388
7561,東証1部,ハークスレイ,937
7562,東証2部,安楽亭,5240
7564,東証JQS,ワークマン,7680
7565,東証2部,萬世電機,2950
7567,東証JQS,栄電子,524
7570,東証1部,橋本総業ホールディングス,2643
7571,東証JQS,ヤマノホールディングス,65
7575,東証1部,日本ライフライン,1493
7578,東証JQS,ニチリョク,185
7581,東証1部,サイゼリヤ,2414
7585,東証JQS,かんなん丸,520
7587,東証2部,ＰＡＬＴＥＫ,679
7590,東証1部,タカショー,771
7593,東証1部,ＶＴホールディングス,443
7594,東証1部,マルカ,2186
7595,東証1部,アルゴグラフィックス,3040
7596,東証1部,魚力,1940
7597,東証JQS,東京貴宝,1916
7599,東証1部,ＩＤＯＭ,618
7600,東証1部,日本エム・ディ・エム,2176
7601,東証1部,ポプラ,288
7602,東証2部,カーチスホールディングス,251
7603,東証JQS,マックハウス,395
7604,東証2部,梅の花,1037
7605,東証1部,フジ・コーポレーション,1246
7606,東証1部,ユナイテッドアローズ,1882
7607,東証1部,進和,2096
7608,東証1部,エスケイジャパン,448
7609,東証1部,ダイトロン,1963
7610,東証JQS,テイツー,69
7611,東証1部,ハイデイ日高,1729
7613,東証1部,シークス,1539
7614,東証JQS,オーエムツーネットワーク,1293
7615,東証1部,京都きもの友禅,276
7616,東証1部,コロワイド,1927
7618,東証1部,ピーシーデポコーポレーション,462
7619,東証1部,田中商事,676
7621,東証JQS,うかい,3005
7623,東証JQS,サンオータス,417
7624,東証JQS,ＮａＩＴＯ,169
7625,東証2部,グローバルダイニング,369
7628,東証1部,オーハシテクニカ,1497
7630,東証1部,壱番屋,4810
7634,東証JQS,星医療酸器,3880
7635,東証JQS,杉田エース,992
7636,東証JQS,ハンズマン,1676
7637,東証1部,白銅,1868
7638,東証JQS,ＮＥＷ　ＡＲＴ　ＨＯＬＤＩＮＧＳ,1174
7640,東証1部,トップカルチャー,347
7643,東証JQS,ダイイチ,856
7646,東証1部,ＰＬＡＮＴ,737
7647,東証2部,音通,28
7649,東証1部,スギホールディングス,8730
7670,東証2部,オーウエル,625
7671,マザーズ,ＡｍｉｄＡホールディングス,1448
7673,東証1部,ダイコー通産,1720
7674,マザーズ,ＮＡＴＴＹ　ＳＷＡＮＫＹ,3750
7675,名証2部,セントラルフォレストグループ,1900
7676,マザーズ,グッドスピード,1589
7677,東証2部,ヤシマキザイ,1920
7678,東証JQS,あさくま,1523
7679,東証1部,薬王堂ホールディングス,2332
7681,東証2部,レオクラン,2728
7682,東証JQS,浜木綿,3060
7683,マザーズ,ダブルエー,3325
7685,マザーズ,ＢｕｙＳｅｌｌ　Ｔｅｃｈｎｏｌｏｇｉｅｓ,3735
7686,東証2部,カクヤスグループ,1558
7687,マザーズ,ミクリード,1024
7688,東証JQS,ミアヘルサ,1147
7689,マザーズ,コパ・コーポレーション,3010
7692,東証JQS,アースインフィニティ,2800
7694,マザーズ,いつも,3565
7695,マザーズ,交換できるくん,5290
7697,東証JQS,ＲＥＸＴ,390
7698,東証JQS,アイスコ,1985
7701,東証1部,島津製作所,3845
7702,東証1部,ＪＭＳ,879
7705,東証2部,ジーエルサイエンス,2607
7707,マザーズ,プレシジョン・システム・サイエンス,906
7709,東証1部,クボテック,346
7711,東証JQS,助川電気工業,812
7713,東証JQS,シグマ光機,1676
7715,東証1部,長野計器,1171
7716,東証JQS,ナカニシ,2277
7717,東証1部,ブイ・テクノロジー,5150
7718,東証1部,スター精密,1715
7719,東証2部,東京衡機,274
7721,東証1部,東京計器,1040
7722,東証JQS,国際計測器,703
7723,東証1部,愛知時計電機,4290
7725,東証1部,インターアクション,2285
7726,東証2部,黒田精工,2039
7727,東証1部,オーバル,280
7729,東証1部,東京精密,5140
7730,東証1部,マニー,2461
7731,東証1部,ニコン,1085
7732,東証1部,トプコン,1713
7733,東証1部,オリンパス,2242.5
7734,東証1部,理研計器,2791
7735,東証1部,ＳＣＲＥＥＮホールディングス,9600
7739,東証1部,キヤノン電子,1728
7740,東証1部,タムロン,2433
7741,東証1部,ＨＯＹＡ,14530
7743,東証1部,シード,787
7744,東証1部,ノーリツ鋼機,2369
7745,東証1部,エー・アンド・デイ,1027
7746,東証JQS,岡本硝子,195
7747,東証1部,朝日インテック,2856
7748,東証JQS,ホロン,3000
7749,東証JQS,メディキット,3055
7751,東証1部,キヤノン,2556.5
7752,東証1部,リコー,1253
7758,東証2部,セコニック,1084
7760,東証JQS,ＩＭＶ,524
7762,東証1部,シチズン時計,412
7769,東証1部,リズム,741
7771,東証JQS,日本精密,76
7774,東証JQG,ジャパン・ティッシュ・エンジニアリング,671
7775,東証1部,大研医器,559
7776,東証JQG,セルシード,234
7777,東証JQG,スリー・ディー・マトリックス,274
7779,マザーズ,ＣＹＢＥＲＤＹＮＥ,554
7780,東証1部,メニコン,7220
7781,東証JQS,平山ホールディングス,1179
7782,東証1部,シンシア,665
7800,東証JQS,アミファ,705
7803,マザーズ,ブシロード,2890
7804,マザーズ,ビーアンドピー,1065
7805,東証JQS,プリントネット,690
7806,マザーズ,ＭＴＧ,1567
7807,東証JQS,幸和製作所,856
7808,東証JQS,シー・エス・ランバー,1905
7809,東証JQS,壽屋,2276
7810,東証JQS,クロスフォー,299
7811,東証1部,中本パックス,1578
7812,東証2部,クレステック,1163
7813,マザーズ,プラッツ,1749
7814,東証JQS,日本創発グループ,385
7815,東証2部,東京ボード工業,510
7816,東証1部,スノーピーク,3575
7817,東証1部,パラマウントベッドホールディングス,2082
7818,東証1部,トランザクション,1411
7819,東証1部,粧美堂,416
7820,東証1部,ニホンフラッシュ,1260
7821,東証1部,前田工繊,3430
7822,東証1部,永大産業,308
7823,東証1部,アートネイチャー,666
7826,東証JQS,フルヤ金属,7110
7827,東証JQS,オービス,1002
7829,マザーズ,サマンサタバサジャパンリミテッド,144
7831,東証2部,ウイルコホールディングス,218
7832,東証1部,バンダイナムコホールディングス,7937
7833,東証1部,アイフィスジャパン,710
7836,東証JQS,アビックス,119
7837,東証JQS,アールシーコア,819
7838,東証1部,共立印刷,136
7839,東証1部,ＳＨＯＥＩ,4020
7840,東証1部,フランスベッドホールディングス,936
7841,東証JQS,遠藤製作所,665
7844,東証1部,マーベラス,833
7846,東証1部,パイロットコーポレーション,3580
7847,東証JQS,グラファイトデザイン,593
7849,東証JQS,スターツ出版,2970
7850,東証JQS,総合商研,740
7851,東証2部,カワセコンピュータサプライ,281
7855,東証JQG,カーディナル,526
7856,東証1部,萩原工業,1439
7857,東証JQS,セキ,1700
7859,東証2部,アルメディオ,156
7860,東証1部,エイベックス,1507
7862,東証1部,トッパン・フォームズ,1097
7863,東証JQS,平賀,1089
7864,東証1部,フジシールインターナショナル,2369
7865,東証JQS,ピープル,1000
7867,東証1部,タカラトミー,951
7868,東証1部,廣済堂,1024
7870,名証2部,福島印刷,418
7871,東証2部,フクビ化学工業,540
7872,東証1部,エステールホールディングス,630
7874,東証1部,レック,1100
7875,東証2部,竹田印刷,621
7877,東証JQS,永大化工,1630
7878,東証JQS,光・彩,2431
7879,東証2部,ノダ,857
7883,東証JQS,サンメッセ,383
7885,東証1部,タカノ,619
7886,東証JQS,ヤマト・インダストリー,691
7887,東証2部,南海プライウッド,5550
7888,東証1部,三光合成,424
7893,東証1部,プロネクサス,1066
7894,福証,丸東産業,2210
7895,東証JQS,中央化学,482
7896,東証2部,セブン工業,527
7897,東証1部,ホクシン,197
7898,東証1部,ウッドワン,1346
7899,東証JQS,ＭＩＣＳ化学,344
7901,東証JQS,マツモト,2254
7902,東証JQS,ソノコム,841
7903,名証2部,名古屋木材,4315
7905,東証1部,大建工業,1981
7906,東証2部,ヨネックス,577
7908,東証1部,ＫＩＭＯＴＯ,271
7911,東証1部,凸版印刷,1895
7912,東証1部,大日本印刷,2294
7914,東証1部,共同印刷,2767
7915,東証1部,ＮＩＳＳＨＡ,1530
7916,東証1部,光村印刷,1766
7917,東証1部,藤森工業,4230
7918,東証1部,ヴィア・ホールディングス,204
7919,東証2部,野崎印刷紙業,146
7921,東証1部,ＴＡＫＡＲＡ　＆　ＣＯＭＰＡＮＹ,1870
7922,東証JQS,三光産業,388
7923,東証JQS,トーイン,501
7925,東証1部,前澤化成工業,1217
7927,東証JQS,ムトー精工,617
7928,東証JQS,旭化学工業,965
7931,東証1部,未来工業,1739
7932,東証JQS,ニッピ,3685
7936,東証1部,アシックス,2343
7937,東証1部,ツツミ,2377
7938,東証JQS,リーガルコーポレーション,1988
7939,東証JQS,研創,440
7940,東証1部,ウェーブロックホールディングス,715
7942,東証1部,ＪＳＰ,1667
7943,東証1部,ニチハ,3275
7944,東証1部,ローランド,5930
7945,東証2部,コマニー,1106
7946,東証2部,光陽社,1194
7947,東証1部,エフピコ,4450
7949,東証1部,小松ウオール工業,1934
7950,名証2部,日本デコラックス,5700
7951,東証1部,ヤマハ,6190
7952,東証1部,河合楽器製作所,3910
7953,東証2部,菊水化学工業,390
7955,東証1部,クリナップ,534
7956,東証1部,ピジョン,3265
7957,東証2部,フジコピアン,1585
7958,東証1部,天馬,2390
7959,東証1部,オリバー,2899
7961,東証1部,兼松サステック,1753
7962,東証1部,キングジム,957
7963,東証JQS,興研,1901
7965,東証1部,象印マホービン,1704
7966,東証1部,リンテック,2430
7970,東証1部,信越ポリマー,1056
7971,東証1部,東リ,248
7972,東証1部,イトーキ,364
7974,東証1部,任天堂,64720
7975,東証2部,リヒトラブ,1779
7976,東証1部,三菱鉛筆,1495
7979,東証1部,松風,1900
7980,東証JQS,重松製作所,925
7981,東証1部,タカラスタンダード,1617
7983,東証2部,ミロク,1662
7984,東証1部,コクヨ,1763
7985,東証2部,ネポン,1460
7986,東証JQS,日本アイ・エス・ケイ,1350
7987,東証1部,ナカバヤシ,606
7988,東証1部,ニフコ,3755
7989,東証1部,立川ブラインド工業,1344
7990,東証1部,グローブライド,3875
7991,東証2部,マミヤ・オーピー,674
7992,東証2部,セーラー万年筆,208
7994,東証1部,オカムラ,1354
7995,東証1部,バルカー,2090
7997,東証2部,くろがね工作所,776
7999,東証1部,ＭＵＴＯＨホールディングス,1589
8001,東証1部,伊藤忠商事,3267
8002,東証1部,丸紅,921.8
8005,東証1部,スクロール,938
8006,東証2部,ユアサ・フナショク,2950
8007,東証1部,高島,1730
8008,東証1部,４℃ホールディングス,1862
8011,東証1部,三陽商会,795
8012,東証1部,長瀬産業,1638
8013,東証1部,ナイガイ,327
8014,東証1部,蝶理,1675
8015,東証1部,豊田通商,4920
8016,東証1部,オンワードホールディングス,306
8018,東証1部,三共生興,508
8020,東証1部,兼松,1452
8022,東証1部,ミズノ,2246
8023,東証2部,大興電子通信,527
8025,東証1部,ツカモトコーポレーション,1385
8029,東証1部,ルックホールディングス,1398
8030,東証2部,中央魚類,2894
8031,東証1部,三井物産,2406.5
8032,東証1部,日本紙パルプ商事,3570
8035,東証1部,東京エレクトロン,46470
8037,東証1部,カメイ,1147
8038,東証1部,東都水産,4385
8039,東証2部,築地魚市場,2339
8040,東証2部,東京ソワール,558
8041,東証1部,ＯＵＧホールディングス,2787
8043,東証1部,スターゼン,2156
8045,東証JQS,横浜丸魚,830
8046,東証2部,丸藤シートパイル,2075
8050,東証1部,セイコーホールディングス,2140
8051,東証1部,山善,980
8052,東証1部,椿本興業,3480
8053,東証1部,住友商事,1506.5
8056,東証1部,日本ユニシス,3275
8057,東証1部,内田洋行,4930
8058,東証1部,三菱商事,2911.5
8059,東証1部,第一実業,4360
8060,東証1部,キヤノンマーケティングジャパン,2650
8061,東証1部,西華産業,1873
8065,東証1部,佐藤商事,1096
8066,東証2部,三谷商事,6930
8068,東証1部,菱洋エレクトロ,2659
8070,東証1部,東京産業,613
8071,名証2部,東海エレクトロニクス,2631
8072,東証JQS,日本出版貿易,1313
8074,東証1部,ユアサ商事,2908
8075,東証1部,神鋼商事,2468
8076,名証2部,カノークス,927
8077,東証1部,トルク,241
8078,東証1部,阪和興業,3180
8079,東証1部,正栄食品工業,4040
8081,東証1部,カナデン,1107
8084,東証1部,菱電商事,1624
8085,東証2部,ナラサキ産業,2101
8086,東証1部,ニプロ,1338
8087,東証1部,フルサト工業,1698
8088,東証1部,岩谷産業,6310
8089,東証1部,ナイス,1946
8090,東証1部,昭光通商,792
8091,東証1部,ニチモウ,2090
8093,東証1部,極東貿易,2279
8095,東証1部,イワキ,688
8096,東証1部,兼松エレクトロニクス,3710
8097,東証1部,三愛石油,1184
8098,東証1部,稲畑産業,1701
8101,東証1部,ＧＳＩクレオス,1025
8103,東証1部,明和産業,480
8104,東証1部,クワザワホールディングス,575
8105,東証2部,堀田丸正,66
8107,東証1部,キムラタン,23
8108,東証1部,ヤマエ久野,1103
8111,東証1部,ゴールドウイン,6140
8113,東証1部,ユニ・チャーム,4501
8114,東証1部,デサント,1892
8115,東証2部,ムーンバット,516
8117,東証2部,中央自動車工業,2945
8118,東証1部,キング,526
8119,東証JQS,三栄コーポレーション,2010
8123,東証JQS,川辺,1002
8125,東証1部,ワキタ,1157
8127,東証1部,ヤマト　インターナショナル,333
8129,東証1部,東邦ホールディングス,1742
8130,東証1部,サンゲツ,1555
8131,東証1部,ミツウロコグループホールディングス,1258
8132,東証1部,シナネンホールディングス,2742
8133,東証1部,伊藤忠エネクス,1023
8135,東証2部,ゼット,246
8136,東証1部,サンリオ,1706
8137,東証1部,サンワテクノス,1221
8138,東証2部,三京化成,2845
8139,東証2部,ナガホリ,171
8140,東証1部,リョーサン,2054
8141,東証1部,新光商事,727
8142,東証1部,トーホー,1708
8143,東証2部,ラピーヌ,347
8144,東証2部,電響社,1317
8145,名証2部,中部水産,2520
8147,東証JQS,トミタ,1001
8150,東証1部,三信電気,2129
8151,東証1部,東陽テクニカ,1112
8152,東証2部,ソマール,1800
8153,東証1部,モスフードサービス,3160
8154,東証1部,加賀電子,2756
8155,東証1部,三益半導体工業,2549
8157,東証1部,都築電気,1925
8158,東証1部,ソーダニッカ,603
8159,東証1部,立花エレテック,1464
8160,東証1部,木曽路,2297
8163,東証1部,ＳＲＳホールディングス,807
8165,東証1部,千趣会,402
8166,東証1部,タカキュー,139
8167,東証1部,リテールパートナーズ,1143
8168,東証1部,ケーヨー,710
8173,東証1部,上新電機,2632
8174,東証1部,日本瓦斯,1815
8179,東証1部,ロイヤルホールディングス,2012
8181,東証1部,東天紅,997
8182,東証1部,いなげや,1524
8185,東証1部,チヨダ,860
8186,東証JQS,大塚家具,305
8190,名証2部,ヤマナカ,747
8194,東証1部,ライフコーポレーション,3475
8198,東証2部,マックスバリュ東海,2461
8200,東証1部,リンガーハット,2243
8202,東証2部,ラオックス,182
8203,東証1部,ＭｒＭａｘＨＤ,628
8207,東証1部,テンアライド,332
8208,東証JQS,エンチョー,1101
8209,東証2部,フレンドリー,413
8214,東証1部,ＡＯＫＩホールディングス,653
8215,東証JQS,銀座山形屋,850
8217,東証1部,オークワ,1139
8218,東証1部,コメリ,2714
8219,東証1部,青山商事,869
8225,東証JQS,タカチホ,1300
8226,東証2部,理経,211
8227,東証1部,しまむら,10420
8228,名証2部,マルイチ産商,1056
8230,東証1部,はせがわ,297
8233,東証1部,高島屋,1238
8237,東証1部,松屋,949
8242,東証1部,エイチ・ツー・オー　リテイリング,902
8244,東証1部,近鉄百貨店,3135
8247,東証2部,大和,304
8249,東証2部,テクノアソシエ,1077
8252,東証1部,丸井グループ,2032
8253,東証1部,クレディセゾン,1377
8254,東証2部,さいか屋,476
8255,東証1部,アクシアル　リテイリング,4095
8256,東証JQS,プロルート丸光,176
8260,東証1部,井筒屋,243
8267,東証1部,イオン,2976
8273,東証1部,イズミ,4300
8275,東証1部,フォーバル,851
8276,東証1部,平和堂,2344
8278,東証1部,フジ,2082
8279,東証1部,ヤオコー,6550
8281,東証1部,ゼビオホールディングス,932
8282,東証1部,ケーズホールディングス,1378
8283,東証1部,ＰＡＬＴＡＣ,5790
8285,東証1部,三谷産業,401
8287,東証2部,マックスバリュ西日本,1813
8289,東証1部,Ｏｌｙｍｐｉｃグループ,773
8291,東証1部,日産東京販売ホールディングス,245
8293,名証2部,ＡＴグループ,1538
8298,東証JQS,ファミリー,749
8301,東証,日本銀行,32300
8303,東証1部,新生銀行,1617
8304,東証1部,あおぞら銀行,2516
8306,東証1部,三菱ＵＦＪフィナンシャル・グループ,620.5
8308,東証1部,りそなホールディングス,472
8309,東証1部,三井住友トラスト・ホールディングス,3839
8316,東証1部,三井住友フィナンシャルグループ,3984
8331,東証1部,千葉銀行,716
8334,東証1部,群馬銀行,371
8336,東証1部,武蔵野銀行,1733
8337,東証1部,千葉興業銀行,280
8338,東証1部,筑波銀行,176
8341,東証1部,七十七銀行,1371
8342,東証1部,青森銀行,2281
8343,東証1部,秋田銀行,1435
8344,東証1部,山形銀行,884
8345,東証1部,岩手銀行,1875
8346,東証1部,東邦銀行,214
8349,東証1部,東北銀行,1053
8350,東証1部,みちのく銀行,1016
8354,東証1部,ふくおかフィナンシャルグループ,1996
8355,東証1部,静岡銀行,901
8356,東証1部,十六銀行,2023
8358,東証1部,スルガ銀行,395
8359,東証1部,八十二銀行,391
8360,東証1部,山梨中央銀行,835
8361,東証1部,大垣共立銀行,1952
8362,東証1部,福井銀行,1628
8363,東証1部,北國銀行,2369
8364,東証1部,清水銀行,1652
8365,東証1部,富山銀行,2550
8366,東証1部,滋賀銀行,2109
8367,東証1部,南都銀行,1896
8368,東証1部,百五銀行,322
8369,東証1部,京都銀行,5040
8370,東証1部,紀陽銀行,1501
8377,東証1部,ほくほくフィナンシャルグループ,912
8381,東証1部,山陰合同銀行,566
8382,東証1部,中国銀行,900
8383,東証1部,鳥取銀行,1135
8385,東証1部,伊予銀行,600
8386,東証1部,百十四銀行,1514
8387,東証1部,四国銀行,697
8388,東証1部,阿波銀行,2177
8392,東証1部,大分銀行,1756
8393,東証1部,宮崎銀行,2089
8395,東証1部,佐賀銀行,1395
8397,東証1部,沖縄銀行,2759
8398,福証,筑邦銀行,1696
8399,東証1部,琉球銀行,732
8410,東証1部,セブン銀行,234
8411,東証1部,みずほフィナンシャルグループ,1686
8416,東証1部,高知銀行,859
8418,東証1部,山口フィナンシャルグループ,669
8424,東証1部,芙蓉総合リース,7790
8425,東証1部,みずほリース,3465
8439,東証1部,東京センチュリー,6720
8462,東証JQS,フューチャーベンチャーキャピタル,669
8473,東証1部,ＳＢＩホールディングス,2777
8508,東証2部,Ｊトラスト,375
8511,東証1部,日本証券金融,849
8515,東証1部,アイフル,361
8518,東証1部,日本アジア投資,236
8521,東証1部,長野銀行,1183
8522,東証1部,名古屋銀行,2806
8524,東証1部,北洋銀行,253
8527,東証1部,愛知銀行,2934
8530,東証1部,中京銀行,1553
8537,東証1部,大光銀行,1416
8540,福証,福岡中央銀行,2296
8541,東証1部,愛媛銀行,839
8542,東証1部,トマト銀行,1043
8544,東証1部,京葉銀行,421
8550,東証1部,栃木銀行,179
8551,東証1部,北日本銀行,1800
8554,福証,南日本銀行,711
8558,東証1部,東和銀行,580
8559,福証,豊和銀行,623
8560,福証,宮崎太陽銀行,970
8562,東証1部,福島銀行,235
8563,東証1部,大東銀行,608
8566,東証1部,リコーリース,3485
8570,東証1部,イオンフィナンシャルサービス,1295
8572,東証1部,アコム,476
8584,東証1部,ジャックス,2548
8585,東証1部,オリエントコーポレーション,157
8591,東証1部,オリックス,1913
8593,東証1部,三菱ＨＣキャピタル,647
8594,札証,中道リース,436
8595,東証1部,ジャフコ　グループ,7840
8596,東証1部,九州リースサービス,694
8600,東証1部,トモニホールディングス,311
8601,東証1部,大和証券グループ本社,632
8604,東証1部,野村ホールディングス,594.7
8609,東証1部,岡三証券グループ,444
8613,東証1部,丸三証券,648
8614,東証1部,東洋証券,169
8616,東証1部,東海東京フィナンシャル・ホールディングス,409
8617,東証1部,光世証券,679
8622,東証1部,水戸証券,304
8624,東証1部,いちよし証券,610
8628,東証1部,松井証券,842
8630,東証1部,ＳＯＭＰＯホールディングス,4322
8697,東証1部,日本取引所グループ,2619
8698,東証1部,マネックスグループ,772
8699,東証JQS,澤田ホールディングス,940
8700,東証JQS,丸八証券,1197
8704,東証JQS,トレイダーズホールディングス,333
8705,東証JQS,岡藤日産証券ホールディングス,165
8706,東証1部,極東証券,819
8707,東証1部,岩井コスモホールディングス,1744
8708,東証1部,藍澤證券,1090
8713,東証1部,フィデアホールディングス,127
8714,東証1部,池田泉州ホールディングス,167
8715,東証1部,アニコム　ホールディングス,988
8725,東証1部,ＭＳ＆ＡＤインシュアランスグループホールディングス,3342
8732,東証1部,マネーパートナーズグループ,243
8737,東証2部,あかつき本社,368
8739,東証1部,スパークス・グループ,285
8740,東証JQS,フジトミ,251
8742,東証1部,小林洋行,272
8746,東証JQS,第一商品,256
8747,東証JQS,豊トラスティ証券,823
8750,東証1部,第一生命ホールディングス,2174
8766,東証1部,東京海上ホールディングス,5191
8769,東証1部,アドバンテッジリスクマネジメント,737
8771,東証1部,イー・ギャランティ,2076
8772,東証1部,アサックス,691
8783,東証JQS,ＧＦＡ,181
8789,東証2部,フィンテック　グローバル,57
8793,東証1部,ＮＥＣキャピタルソリューション,1990
8795,東証1部,Ｔ＆Ｄホールディングス,1478
8798,東証1部,アドバンスクリエイト,848
8801,東証1部,三井不動産,2501.5
8802,東証1部,三菱地所,1803
8803,東証1部,平和不動産,4255
8804,東証1部,東京建物,1701
8806,東証1部,ダイビル,1273
8818,東証1部,京阪神ビルディング,1320
8830,東証1部,住友不動産,3643
8835,東証1部,太平洋興発,646
8836,東証JQS,ＲＩＳＥ,26
8841,東証1部,テーオーシー,720
8842,東証1部,東京楽天地,4015
8844,東証JQS,コスモスイニシア,446
8848,東証1部,レオパレス２１,142
8850,東証1部,スターツコーポレーション,2861
8854,東証2部,日住サービス,1656
8860,東証1部,フジ住宅,637
8864,東証1部,空港施設,619
8869,東証1部,明和地所,619
8871,東証1部,ゴールドクレスト,1762
8876,東証1部,リログループ,2242
8877,東証1部,エスリード,1695
8881,東証1部,日神グループホールディングス,476
8886,東証JQS,ウッドフレンズ,2700
8887,東証JQS,リベレステ,842
8889,東証JQS,ＡＰＡＭＡＮ,584
8890,東証JQS,レーサム,790
8891,東証2部,ＡＭＧホールディングス,959
8892,東証1部,日本エスコン,764
8893,東証JQS,新日本建物,403
8894,東証2部,ＲＥＶＯＬＵＴＩＯＮ,34
8897,東証1部,タカラレーベン,363
8898,東証JQS,センチュリー２１・ジャパン,1066
8903,東証JQS,サンウッド,593
8904,東証1部,ＡＶＡＮＴＩＡ,887
8905,東証1部,イオンモール,1728
8908,東証1部,毎日コムネット,771
8909,東証JQS,シノケングループ,1204
8912,東証2部,エリアクエスト,101
8914,東証2部,エリアリンク,1395
8917,東証1部,ファースト住建,1254
8918,東証1部,ランド,12
8919,東証1部,カチタス,3185
8920,東証1部,東祥,1904
8922,マザーズ,日本アセットマーケティング,110
8923,東証1部,トーセイ,1070
8925,東証2部,アルデプロ,57
8927,東証JQS,明豊エンタープライズ,197
8928,東証1部,穴吹興産,2104
8929,東証2部,青山財産ネットワークス,1566
8931,東証2部,和田興産,790
8934,東証1部,サンフロンティア不動産,937
8935,東証1部,ＦＪネクスト,1030
8938,東証JQG,グローム・ホールディングス,1620
8940,東証1部,インテリックス,815
8944,東証1部,ランドビジネス,354
8945,東証1部,サンネクスタグループ,996
8946,東証JQS,ＡＳＩＡＮ　ＳＴＡＲ,91
8995,東証2部,誠建設工業,613
8996,福岡Q,ハウスフリーダム,765
8999,東証1部,グランディハウス,440
9001,東証1部,東武鉄道,2789
9003,東証1部,相鉄ホールディングス,2039
9005,東証1部,東急,1408
9006,東証1部,京浜急行電鉄,1353
9007,東証1部,小田急電鉄,2792
9008,東証1部,京王電鉄,6800
9009,東証1部,京成電鉄,3220
9010,東証1部,富士急行,5100
9012,東証JQS,秩父鉄道,2294
9014,東証1部,新京成電鉄,2157
9017,東証2部,新潟交通,2006
9020,東証1部,東日本旅客鉄道,7467
9021,東証1部,西日本旅客鉄道,6111
9022,東証1部,東海旅客鉄道,15685
9024,東証1部,西武ホールディングス,1148
9025,東証1部,鴻池運輸,1119
9027,札証,ロジネット　ジャパン,3470
9028,東証2部,ゼロ,1370
9029,東証2部,ヒガシトゥエンティワン,678
9031,東証1部,西日本鉄道,2645
9033,東証2部,広島電鉄,907
9034,東証JQS,南総通運,1133
9035,福証,第一交通産業,687
9036,東証JQS,東部ネットワーク,963
9037,東証1部,ハマキョウレックス,3175
9039,東証1部,サカイ引越センター,5570
9040,名証2部,大宝運輸,3175
9041,東証1部,近鉄グループホールディングス,3770
9042,東証1部,阪急阪神ホールディングス,3335
9044,東証1部,南海電気鉄道,2288
9045,東証1部,京阪ホールディングス,3280
9046,東証1部,神戸電鉄,3570
9048,東証1部,名古屋鉄道,1947
9049,東証2部,京福電気鉄道,2700
9051,東証JQS,センコン物流,800
9052,東証1部,山陽電気鉄道,1874
9055,東証1部,アルプス物流,956
9057,東証JQS,遠州トラック,2597
9058,東証1部,トランコム,8740
9059,東証2部,カンダホールディングス,1002
9060,東証JQS,日本ロジテム,3485
9062,東証1部,日本通運,8940
9063,東証2部,岡山県貨物運送,2813
9064,東証1部,ヤマトホールディングス,3040
9065,東証1部,山九,4885
9066,東証1部,日新,1456
9067,東証1部,丸運,264
9068,東証1部,丸全昭和運輸,3545
9069,東証1部,センコーグループホールディングス,1034
9070,東証1部,トナミホールディングス,5050
9072,東証1部,ニッコンホールディングス,2376
9073,東証JQS,京極運輸商事,592
9074,東証1部,日本石油輸送,2617
9075,東証1部,福山通運,4135
9076,東証1部,セイノーホールディングス,1545
9077,名証2部,名鉄運輸,2505
9078,東証1部,エスライン,915
9081,東証1部,神奈川中央交通,3645
9082,東証2部,大和自動車交通,830
9083,東証2部,神姫バス,3150
9085,札証,北海道中央バス,3390
9086,東証1部,日立物流,3435
9087,東証JQS,タカセ,2030
9090,東証1部,丸和運輸機関,1637
9099,東証1部,Ｃ＆Ｆロジホールディングス,1706
9101,東証1部,日本郵船,4355
9104,東証1部,商船三井,4365
9107,東証1部,川崎汽船,2801
9110,東証1部,ＮＳユナイテッド海運,2218
9115,東証1部,明治海運,434
9119,東証1部,飯野海運,465
9127,東証2部,玉井商船,734
9130,東証1部,共栄タンカー,869
9142,東証1部,九州旅客鉄道,2386
9143,東証1部,ＳＧホールディングス,2389
9145,東証2部,ビーイングホールディングス,1473
9171,東証2部,栗林商船,345
9173,東証2部,東海汽船,2347
9176,東証JQS,佐渡汽船,226
9179,東証2部,川崎近海汽船,2632
9193,東証2部,東京汽船,580
9201,東証1部,日本航空,2298
9202,東証1部,ＡＮＡホールディングス,2452
9206,東証2部,スターフライヤー,2697
9232,東証1部,パスコ,1465
9233,東証2部,アジア航測,815
9260,東証1部,西本Ｗｉｓｍｅｔｔａｃホールディングス,2805
9262,東証1部,シルバーライフ,2525
9263,東証JQS,ビジョナリーホールディングス,363
9264,東証JQS,ポエック,2416
9265,東証1部,ヤマシタヘルスケアホールディングス,2157
9266,東証1部,一家ダイニングプロジェクト,565
9267,東証1部,Ｇｅｎｋｙ　ＤｒｕｇＳｔｏｒｅｓ,3340
9268,東証2部,オプティマスグループ,1109
9270,マザーズ,バリュエンスホールディングス,3040
9271,マザーズ,和心,518
9272,マザーズ,ブティックス,2984
9273,東証1部,コーア商事ホールディングス,729
9274,東証1部,国際紙パルプ商事,251
9275,東証1部,ナルミヤ・インターナショナル,1186
9278,東証1部,ブックオフグループホールディングス,1008
9279,東証1部,ギフト,2377
9301,東証1部,三菱倉庫,3390
9302,東証1部,三井倉庫ホールディングス,2320
9303,東証1部,住友倉庫,1488
9304,東証1部,澁澤倉庫,2119
9305,東証1部,ヤマタネ,1496
9306,東証1部,東陽倉庫,322
9307,東証2部,杉村倉庫,519
9308,東証1部,乾汽船,1183
9310,東証1部,日本トランスシティ,543
9311,東証2部,アサガミ,3820
9312,東証1部,ケイヒン,1379
9313,東証2部,丸八倉庫,790
9318,東証2部,アジア開発キャピタル,7
9319,東証1部,中央倉庫,1100
9322,東証1部,川西倉庫,1165
9324,東証1部,安田倉庫,942
9325,東証1部,ファイズホールディングス,846
9326,マザーズ,関通,2970
9327,東証JQS,イー・ロジット,1765
9351,東証1部,東洋埠頭,1516
9353,東証2部,櫻島埠頭,1641
9355,東証2部,リンコーコーポレーション,1936
9357,名証2部,名港海運,1164
9358,東証1部,宇徳,498
9359,名証2部,伊勢湾海運,706
9360,東証2部,鈴与シンワート,1913
9361,東証2部,伏木海陸運送,1299
9362,東証2部,兵機海運,1300
9363,東証2部,大運,326
9364,東証1部,上組,2194
9365,東証2部,トレーディア,1355
9366,東証1部,サンリツ,735
9367,東証JQS,大東港運,606
9368,東証1部,キムラユニティー,1272
9369,東証1部,キユーソー流通システム,1617
9375,東証1部,近鉄エクスプレス,2452
9376,東証JQS,ユーラシア旅行社,521
9377,東証JQS,エージーピー,550
9380,東証1部,東海運,309
9381,東証1部,エーアイテイー,997
9384,東証1部,内外トランスライン,1800
9385,東証1部,ショーエイコーポレーション,962
9386,東証1部,日本コンセプト,1627
9399,東証,ビート・ホールディングス・リミテッド,79
9401,東証1部,ＴＢＳホールディングス,1879
9402,名証1部,中部日本放送,585
9404,東証1部,日本テレビホールディングス,1276
9405,東証1部,朝日放送グループホールディングス,717
9407,福証,ＲＫＢ毎日ホールディングス,6100
9408,東証JQS,新潟放送,1270
9409,東証1部,テレビ朝日ホールディングス,1881
9412,東証1部,スカパーＪＳＡＴホールディングス,445
9413,東証1部,テレビ東京ホールディングス,2134
9414,東証1部,日本ＢＳ放送,1100
9416,東証1部,ビジョン,992
9417,東証1部,スマートバリュー,822
9418,東証1部,ＵＳＥＮ−ＮＥＸＴ　ＨＯＬＤＩＮＧＳ,2117
9419,東証1部,ワイヤレスゲート,448
9421,東証JQS,エヌジェイホールディングス,989
9422,東証1部,コネクシオ,1475
9423,東証JQS,ＦＲＳ,100
9424,東証1部,日本通信,232
9425,東証JQS,日本テレホン,385
9428,東証1部,クロップス,870
9432,東証1部,日本電信電話,2894.5
9433,東証1部,ＫＤＤＩ,3705
9434,東証1部,ソフトバンク,1423.5
9435,東証1部,光通信,22760
9436,東証JQS,沖縄セルラー電話,5060
9438,東証1部,エムティーアイ,717
9439,東証JQS,エム・エイチ・グループ,231
9441,東証JQS,ベルパーク,6060
9444,東証JQS,トーシンホールディングス,601
9445,東証2部,フォーバルテレコム,358
9446,東証JQS,サカイホールディングス,651
9449,東証1部,ＧＭＯインターネット,3105
9450,東証1部,ファイバーゲート,1337
9466,東証1部,アイドママーケティングコミュニケーション,412
9467,マザーズ,アルファポリス,3105
9468,東証1部,ＫＡＤＯＫＡＷＡ,3950
9470,東証1部,学研ホールディングス,1332
9471,名証2部,文溪堂,1350
9474,東証1部,ゼンリン,1173
9475,東証1部,昭文社ホールディングス,469
9476,東証JQS,中央経済社ホールディングス,566
9478,東証JQS,ＳＥホールディングス・アンド・インキュベーションズ,203
9479,東証1部,インプレスホールディングス,217
9501,東証1部,東京電力ホールディングス,345
9502,東証1部,中部電力,1326
9503,東証1部,関西電力,1058
9504,東証1部,中国電力,1047
9505,東証1部,北陸電力,652
9506,東証1部,東北電力,920
9507,東証1部,四国電力,773
9508,東証1部,九州電力,875
9509,東証1部,北海道電力,508
9511,東証1部,沖縄電力,1417
9513,東証1部,Ｊ−ＰＯＷＥＲ,1612
9514,東証1部,エフオン,998
9517,東証1部,イーレックス,1853
9519,東証1部,レノバ,3345
9531,東証1部,東京ガス,2227.5
9532,東証1部,大阪ガス,2131
9533,東証1部,東邦ガス,6320
9534,東証1部,北海道ガス,1549
9535,東証1部,広島ガス,378
9536,東証1部,西部ガスホールディングス,2513
9537,東証2部,北陸ガス,3115
9539,東証2部,京葉瓦斯,3330
9543,東証1部,静岡ガス,1081
9551,東証1部,メタウォーター,1911
9600,東証1部,アイネット,1468
9601,東証1部,松竹,12220
9602,東証1部,東宝,4335
9603,東証1部,エイチ・アイ・エス,2385
9605,東証1部,東映,23260
9610,東証JQS,ウィルソン・ラーニング　ワールドワイド,230
9612,東証1部,ラックランド,2546
9613,東証1部,ＮＴＴデータ,1738
9616,東証1部,共立メンテナンス,3395
9619,東証1部,イチネンホールディングス,1240
9621,東証1部,建設技術研究所,2476
9622,東証1部,スペース,893
9624,東証1部,長大,1910
9625,東証JQS,セレスポ,746
9627,東証1部,アインホールディングス,6730
9628,東証1部,燦ホールディングス,1217
9629,東証1部,ピー・シー・エー,4165
9631,東証2部,東急レクリエーション,4850
9632,東証1部,スバル興業,8110
9633,東証1部,東京テアトル,1242
9635,東証2部,武蔵野興業,2112
9636,東証2部,きんえい,3045
9637,東証2部,オーエス,3010
9639,東証JQS,三協フロンテア,3890
9640,東証JQS,セゾン情報システムズ,2036
9641,東証JQS,サコス,359
9643,名証2部,中日本興業,9640
9644,東証1部,タナベ経営,1407
9647,東証JQS,協和コンサルタンツ,3055
9651,東証JQS,日本プロセス,821
9656,東証2部,グリーンランドリゾート,420
9658,東証1部,ビジネスブレイン太田昭和,1782
9661,東証2部,歌舞伎座,4800
9663,東証1部,ナガワ,8250
9664,名証2部,御園座,2216
9672,東証1部,東京都競馬,5540
9675,東証1部,常磐興産,1406
9678,東証1部,カナモト,2752
9679,東証JQS,ホウライ,3080
9682,東証1部,ＤＴＳ,2624
9684,東証1部,スクウェア・エニックス・ホールディングス,5860
9685,東証JQS,ＫＹＣＯＭホールディングス,561
9686,東証2部,東洋テック,1005
9687,東証JQS,ＫＳＫ,2195
9691,東証JQS,両毛システムズ,2065
9692,東証1部,シーイーシー,1392
9695,東証JQS,鴨川グランドホテル,260
9696,東証JQS,ウィザス,592
9697,東証1部,カプコン,3295
9698,東証JQS,クレオ,1239
9699,東証1部,西尾レントオール,3185
9701,東証2部,東京會舘,3065
9702,東証1部,アイ・エス・ビー,1378
9704,東証1部,アゴーラ　ホスピタリティー　グループ,24
9706,東証1部,日本空港ビルデング,4545
9707,東証JQS,ユニマット　リタイアメント・コミュニティ,1400
9708,東証2部,帝国ホテル,1900
9709,東証2部,ＮＣＳ＆Ａ,511
9713,東証2部,ロイヤルホテル,1127
9715,東証1部,トランスコスモス,2971
9716,東証1部,乃村工藝社,877
9717,東証1部,ジャステック,1259
9719,東証1部,ＳＣＳＫ,6190
9720,東証JQS,ホテル、ニューグランド,3900
9722,東証1部,藤田観光,2151
9723,東証2部,京都ホテル,619
9726,東証1部,ＫＮＴ−ＣＴホールディングス,1213
9728,東証1部,日本管財,2364
9729,東証1部,トーカイ,2499
9731,東証1部,白洋舍,2303
9733,東証JQS,ナガセ,5310
9734,東証JQS,精養軒,849
9735,東証1部,セコム,8570
9739,東証1部,ＮＳＷ,2374
9740,東証1部,ＣＳＰ,2923
9742,東証1部,アイネス,1379
9743,東証1部,丹青社,869
9744,東証1部,メイテック,5910
9746,東証1部,ＴＫＣ,3485
9749,東証1部,富士ソフト,5510
9753,東証JQS,アイエックス・ナレッジ,814
9755,東証1部,応用地質,1307
9757,東証1部,船井総研ホールディングス,2313
9759,東証1部,ＮＳＤ,1841
9760,東証1部,進学会ホールディングス,421
9761,東証2部,東海リース,1516
9763,東証1部,丸紅建材リース,1787
9765,東証1部,オオバ,828
9766,東証1部,コナミホールディングス,6510
9767,東証2部,日建工学,1780
9768,東証1部,いであ,1809
9769,東証1部,学究社,1332
9776,東証JQS,札幌臨床検査センター,1570
9778,東証JQS,昴,4490
9780,東証JQS,ハリマビステム,3650
9782,東証JQS,ディーエムエス,1476
9783,東証1部,ベネッセホールディングス,2690
9787,東証1部,イオンディライト,3410
9788,東証1部,ナック,929
9790,東証1部,福井コンピュータホールディングス,4310
9791,東証2部,ビケンテクノ,831
9793,東証1部,ダイセキ,4070
9795,東証1部,ステップ,1600
9797,東証2部,大日本コンサルタント,1208
9799,東証2部,旭情報サービス,1230
9810,東証1部,日鉄物産,4450
9812,東証JQS,テーオーホールディングス,341
9816,東証JQS,ストライダーズ,276
9818,東証2部,大丸エナウィン,1392
9820,東証JQS,エムティジェネックス,2663
9823,東証JQS,マミーマート,2318
9824,東証1部,泉州電業,3250
9827,東証JQS,リリカラ,192
9828,東証1部,元気寿司,2671
9829,東証JQS,ながの東急百貨店,1607
9830,東証1部,トラスコ中山,2822
9831,東証1部,ヤマダホールディングス,540
9832,東証1部,オートバックスセブン,1501
9835,東証2部,ジュンテンドー,694
9837,東証1部,モリト,615
9842,東証1部,アークランドサカモト,1467
9843,東証1部,ニトリホールディングス,19365
9845,東証2部,パーカーコーポレーション,520
9846,東証2部,天満屋ストア,1142
9849,東証JQS,共同紙販ホールディングス,4805
9850,東証1部,グルメ杵屋,960
9852,東証JQS,ＣＢグループマネジメント,2705
9853,東証JQS,銀座ルノアール,817
9854,東証1部,愛眼,225
9856,東証1部,ケーユーホールディングス,932
9857,東証2部,英和,1222
9861,東証1部,吉野家ホールディングス,2043
9867,東証JQS,ソレキア,6340
9869,東証1部,加藤産業,3280
9872,東証1部,北恵,900
9873,東証2部,日本ＫＦＣホールディングス,2808
9876,東証JQS,コックス,173
9878,東証2部,セキド,2072
9880,東証1部,イノテック,1339
9882,東証1部,イエローハット,1974
9885,東証2部,シャルレ,367
9887,東証1部,松屋フーズホールディングス,3510
9888,東証JQS,ＵＥＸ,437
9889,東証1部,ＪＢＣＣホールディングス,1380
9890,東証JQS,マキヤ,880
9895,東証JQS,コンセック,1226
9896,東証1部,ＪＫホールディングス,798
9900,東証1部,サガミホールディングス,1022
9902,東証1部,日伝,2047
9903,東証JQS,カンセキ,2836
9904,東証2部,ベリテ,463
9906,東証JQS,藤井産業,1515
9908,東証JQS,Ｄｅｎｋｅｉ,1683
9909,東証JQS,愛光電気,1540
9913,東証JQS,日邦産業,598
9914,東証JQS,植松商会,755
9919,東証1部,関西スーパーマーケット,991
9927,東証JQS,ワットマン,2830
9928,東証1部,ミロク情報サービス,1680
9929,東証2部,平和紙業,416
9930,東証1部,北沢産業,254
9932,東証1部,杉本商事,2241
9934,東証1部,因幡電機産業,2577
9936,東証1部,王将フードサービス,5630
9941,東証JQS,太洋物産,429
9942,福証,ジョイフル,709
9945,東証1部,プレナス,1988
9946,東証1部,ミニストップ,1389
9948,東証1部,アークス,2414
9950,東証JQS,ハチバン,3010
9955,東証JQS,ヨンキュウ,1901
9956,東証1部,バローホールディングス,2278
9959,東証2部,アシードホールディングス,498
9960,東証1部,東テク,2810
9962,東証1部,ミスミグループ本社,3475
9964,東証JQS,アイ・テック,1486
9966,東証1部,藤久,824
9967,東証2部,堺商事,2184
9969,東証2部,ショクブン,301
9972,東証1部,アルテック,319
9973,東証JQS,小僧寿し,49
9974,東証1部,ベルク,5690
9976,東証JQS,セキチュー,1745
9977,東証JQS,アオキスーパー,2881
9978,東証JQS,文教堂グループホールディングス,76
9979,東証1部,大庄,1001
9980,東証2部,ＭＲＫホールディングス,143
9982,東証1部,タキヒヨー,1875
9983,東証1部,ファーストリテイリング,86630
9984,東証1部,ソフトバンクグループ,8505
9986,東証1部,蔵王産業,1444
9987,東証1部,スズケン,3400
9989,東証1部,サンドラッグ,3590
9990,東証1部,サックスバー　ホールディングス,595
9991,東証1部,ジェコス,878
9993,東証1部,ヤマザワ,1709
9994,東証1部,やまや,2277
9995,東証1部,グローセル,418
9996,東証JQS,サトー商会,1524
9997,東証1部,ベルーナ,1156
